,Item_Identifier,Item_Weight,Item_Fat_Content,Item_Visibility,Item_Type,Item_MRP,Outlet_Identifier,Outlet_Establishment_Year,Outlet_Size,Outlet_Location_Type,Outlet_Type,Item_Outlet_Sales
8,FDH17,16.2,Regular,0.016687114,Frozen Foods,96.9726,OUT045,2002,,Tier 2,Supermarket Type1,1076.5986
33,FDO23,17.85,Low Fat,0.0,Breads,93.1436,OUT045,2002,,Tier 2,Supermarket Type1,2174.5028
46,NCP05,19.6,Low Fat,0.0,Health and Hygiene,153.3024,OUT045,2002,,Tier 2,Supermarket Type1,2428.8384
47,FDV49,10.0,Low Fat,0.025879577,Canned,265.2226,OUT045,2002,,Tier 2,Supermarket Type1,5815.0972
56,NCX54,9.195,Low Fat,0.048157338,Household,106.1622,OUT045,2002,,Tier 2,Supermarket Type1,2117.244
61,FDV27,7.97,Regular,0.040071131,Meat,87.3514,OUT045,2002,,Tier 2,Supermarket Type1,1062.6168
67,FDZ03,13.65,Regular,0.078946455,Dairy,186.024,OUT045,2002,,Tier 2,Supermarket Type1,1118.5439999999999
68,DRH37,17.6,Low Fat,0.041700756,Soft Drinks,164.8526,OUT045,2002,,Tier 2,Supermarket Type1,2302.3364
72,FDH35,18.25,Low Fat,0.0,Starchy Foods,164.7526,OUT045,2002,,Tier 2,Supermarket Type1,4604.6728
79,FDV25,5.905,Low Fat,0.0,Canned,222.5456,OUT045,2002,,Tier 2,Supermarket Type1,5305.0944
92,DRI25,19.6,Low Fat,0.033970195,Soft Drinks,55.1614,OUT045,2002,,Tier 2,Supermarket Type1,1381.535
100,FDT28,13.3,Low Fat,0.063695084,Frozen Foods,151.0708,OUT045,2002,,Tier 2,Supermarket Type1,1805.6496
107,FDG12,6.635,Regular,0.0,Baking Goods,121.3098,OUT045,2002,,Tier 2,Supermarket Type1,2530.7058
114,FDV11,9.1,Regular,0.0,Breads,173.2054,OUT045,2002,,Tier 2,Supermarket Type1,3151.8972
121,DRJ13,12.65,LF,0.063017847,Soft Drinks,159.0578,OUT045,2002,,Tier 2,Supermarket Type1,2085.9514
129,NCP30,20.5,Low Fat,0.032835147,Household,40.2822,OUT045,2002,,Tier 2,Supermarket Type1,707.0796
137,FDB51,6.92,Low Fat,0.038532062,Dairy,60.5852,OUT045,2002,,Tier 2,Supermarket Type1,1314.2892
142,NCO55,12.8,Low Fat,0.091221855,Others,105.5938,OUT045,2002,,Tier 2,Supermarket Type1,2143.876
176,FDB35,12.3,Regular,0.064750025,Starchy Foods,92.6804,OUT045,2002,,Tier 2,Supermarket Type1,1010.6844
179,FDO24,11.1,Low Fat,0.176573035,Baking Goods,157.4604,OUT045,2002,,Tier 2,Supermarket Type1,3010.7476
181,FDV39,11.3,Low Fat,0.0072946519999999996,Meat,198.1426,OUT045,2002,,Tier 2,Supermarket Type1,988.7130000000001
188,FDE04,19.75,Regular,0.018059621,Frozen Foods,179.766,OUT045,2002,,Tier 2,Supermarket Type1,2336.958
192,FDA08,11.85,Regular,0.050186725999999994,Fruits and Vegetables,164.1526,OUT045,2002,,Tier 2,Supermarket Type1,3124.5994
200,NCM53,18.75,Low Fat,0.052146455999999994,Health and Hygiene,104.62799999999999,OUT045,2002,,Tier 2,Supermarket Type1,745.696
202,FDN57,18.25,Low Fat,0.054344185999999996,Snack Foods,140.2154,OUT045,2002,,Tier 2,Supermarket Type1,1701.7848
207,DRF36,16.1,LF,0.023625114,Soft Drinks,189.3846,OUT045,2002,,Tier 2,Supermarket Type1,3630.6074
213,NCD30,19.7,Low Fat,0.026903714,Household,96.0726,OUT045,2002,,Tier 2,Supermarket Type1,1272.3438
232,FDL56,14.1,Low Fat,0.126035694,Fruits and Vegetables,86.4198,OUT045,2002,,Tier 2,Supermarket Type1,1133.8574
240,NCR38,17.25,Low Fat,0.113748685,Household,251.3724,OUT045,2002,,Tier 2,Supermarket Type1,6795.1548
254,FDG08,13.15,Regular,0.165694678,Fruits and Vegetables,171.8764,OUT045,2002,,Tier 2,Supermarket Type1,3779.0808
258,FDY03,17.6,Regular,0.076276208,Meat,110.9202,OUT045,2002,,Tier 2,Supermarket Type1,1687.8029999999999
263,FDY38,13.6,Regular,0.119418124,Dairy,231.03,OUT045,2002,,Tier 2,Supermarket Type1,5359.69
264,FDN01,8.895,Low Fat,0.072545601,Breakfast,176.237,OUT045,2002,,Tier 2,Supermarket Type1,1764.37
290,DRF49,7.27,Low Fat,0.071222087,Soft Drinks,113.5518,OUT045,2002,,Tier 2,Supermarket Type1,569.259
292,FDF20,12.85,low fat,0.033287541000000004,Fruits and Vegetables,198.4768,OUT045,2002,,Tier 2,Supermarket Type1,1379.5376
304,DRE60,9.395,Low Fat,0.15965759599999998,Soft Drinks,224.972,OUT045,2002,,Tier 2,Supermarket Type1,7696.648
306,FDB21,7.475,Low Fat,0.148821808,Fruits and Vegetables,241.2854,OUT045,2002,,Tier 2,Supermarket Type1,5317.0788
315,FDF46,7.07,Low Fat,0.09386114400000001,Snack Foods,115.5834,OUT045,2002,,Tier 2,Supermarket Type1,1267.0174
316,FDA33,6.48,Low Fat,0.033968647000000005,Snack Foods,148.0076,OUT045,2002,,Tier 2,Supermarket Type1,886.8456
318,FDB53,13.35,Low Fat,0.139735226,Frozen Foods,147.5392,OUT045,2002,,Tier 2,Supermarket Type1,3877.6192
327,FDZ35,9.6,Regular,0.022323658,Breads,101.29899999999999,OUT045,2002,,Tier 2,Supermarket Type1,1754.3829999999998
329,FDV59,13.35,Low Fat,0.048124442999999996,Breads,216.7166,OUT045,2002,,Tier 2,Supermarket Type1,3918.8988
332,FDU55,16.2,Low Fat,0.035984103999999996,Fruits and Vegetables,260.6278,OUT045,2002,,Tier 2,Supermarket Type1,4425.5726
337,FDQ07,15.1,Regular,0.087584126,Fruits and Vegetables,221.7456,OUT045,2002,,Tier 2,Supermarket Type1,6410.3224
343,NCY30,20.25,Low Fat,0.026005891,Household,180.9976,OUT045,2002,,Tier 2,Supermarket Type1,2716.4640000000004
351,FDR59,14.5,Regular,0.063993068,Breads,260.4594,OUT045,2002,,Tier 2,Supermarket Type1,5494.8474
362,FDX60,14.35,Low Fat,0.08075758,Baking Goods,81.896,OUT045,2002,,Tier 2,Supermarket Type1,878.8560000000001
372,NCA54,16.5,Low Fat,0.036715907,Household,180.0318,OUT045,2002,,Tier 2,Supermarket Type1,3969.4996
391,FDY32,7.605,Low Fat,0.12950314599999999,Fruits and Vegetables,164.021,OUT045,2002,,Tier 2,Supermarket Type1,3914.9040000000005
394,NCF18,18.35,Low Fat,0.08916305599999999,Household,191.3504,OUT045,2002,,Tier 2,Supermarket Type1,3259.7568
399,NCE19,8.97,Low Fat,0.093203257,Household,52.7956,OUT045,2002,,Tier 2,Supermarket Type1,1037.3164
401,NCJ29,10.6,Low Fat,0.035264298,Health and Hygiene,86.1224,OUT045,2002,,Tier 2,Supermarket Type1,426.11199999999997
418,FDB44,6.655,Low Fat,0.016993225,Fruits and Vegetables,211.0586,OUT045,2002,,Tier 2,Supermarket Type1,844.2344
421,FDB17,13.15,Low Fat,0.036746479,Frozen Foods,181.2976,OUT045,2002,,Tier 2,Supermarket Type1,3259.7568
428,FDW07,18.0,Regular,0.14297822300000002,Fruits and Vegetables,87.4514,OUT045,2002,,Tier 2,Supermarket Type1,796.9626
429,FDZ27,7.935,Low Fat,0.017191055,Dairy,51.535,OUT045,2002,,Tier 2,Supermarket Type1,848.895
437,FDB29,16.7,Regular,0.052517969000000005,Frozen Foods,115.4176,OUT045,2002,,Tier 2,Supermarket Type1,687.1056
442,FDP59,20.85,Regular,0.056580227999999996,Breads,105.6648,OUT045,2002,,Tier 2,Supermarket Type1,623.1888
453,FDW28,18.25,Low Fat,0.089004389,Frozen Foods,196.7452,OUT045,2002,,Tier 2,Supermarket Type1,978.7260000000001
468,FDG24,7.975,Low Fat,0.014660821000000001,Baking Goods,85.125,OUT045,2002,,Tier 2,Supermarket Type1,2663.2
470,NCH06,12.3,Low Fat,0.07670963900000001,Household,247.84599999999998,OUT045,2002,,Tier 2,Supermarket Type1,3448.844
471,FDA36,5.985,Low Fat,0.005677876,Baking Goods,184.8924,OUT045,2002,,Tier 2,Supermarket Type1,1665.8316
478,FDM24,6.135,Regular,0.0,Baking Goods,151.3366,OUT045,2002,,Tier 2,Supermarket Type1,1057.9562
479,NCO30,19.5,Low Fat,0.015756784,Household,185.0608,OUT045,2002,,Tier 2,Supermarket Type1,2205.1296
486,FDT44,16.6,Low Fat,0.10319540099999999,Fruits and Vegetables,117.8466,OUT045,2002,,Tier 2,Supermarket Type1,942.7728
499,NCG42,19.2,Low Fat,0.0,Household,127.831,OUT045,2002,,Tier 2,Supermarket Type1,1298.31
511,FDK43,9.8,Low Fat,0.0268952,Meat,128.40200000000002,OUT045,2002,,Tier 2,Supermarket Type1,2403.538
513,FDR43,18.2,Low Fat,0.161817014,Fruits and Vegetables,37.819,OUT045,2002,,Tier 2,Supermarket Type1,219.71400000000003
515,DRL23,18.35,Low Fat,0.015335349,Hard Drinks,106.6938,OUT045,2002,,Tier 2,Supermarket Type1,1393.5194
516,NCX42,6.36,Low Fat,0.00599072,Household,163.6526,OUT045,2002,,Tier 2,Supermarket Type1,5262.4832
524,NCN18,8.895,LF,0.124967595,Household,112.7544,OUT045,2002,,Tier 2,Supermarket Type1,3467.4864
529,FDU52,7.56,Low Fat,0.06390019,Frozen Foods,157.263,OUT045,2002,,Tier 2,Supermarket Type1,2503.408
548,NCR41,17.85,Low Fat,0.01806055,Health and Hygiene,97.0094,OUT045,2002,,Tier 2,Supermarket Type1,2094.6068
559,FDS32,17.75,Regular,0.0,Fruits and Vegetables,139.9838,OUT045,2002,,Tier 2,Supermarket Type1,1966.7732
566,FDL58,5.78,Regular,0.07429945,Snack Foods,264.9568,OUT045,2002,,Tier 2,Supermarket Type1,1845.5976
569,FDT08,13.65,Low Fat,0.049318315,Fruits and Vegetables,149.005,OUT045,2002,,Tier 2,Supermarket Type1,2097.27
572,FDJ21,16.7,Regular,0.038606365,Snack Foods,146.5102,OUT045,2002,,Tier 2,Supermarket Type1,2770.3938
583,FDK44,16.6,Low Fat,0.122475364,Fruits and Vegetables,175.5738,OUT045,2002,,Tier 2,Supermarket Type1,347.5476
586,FDZ22,9.395,Low Fat,0.045361705,Snack Foods,83.825,OUT045,2002,,Tier 2,Supermarket Type1,665.8
590,NCF31,9.13,Low Fat,0.051952572999999995,Household,152.3024,OUT045,2002,,Tier 2,Supermarket Type1,1821.6288
595,FDR08,18.7,Low Fat,0.037699254,Fruits and Vegetables,110.2886,OUT045,2002,,Tier 2,Supermarket Type1,2223.772
606,FDW49,19.5,Low Fat,0.082719632,Canned,179.3002,OUT045,2002,,Tier 2,Supermarket Type1,2865.6032
611,FDL22,16.85,Low Fat,0.036463975,Snack Foods,90.7488,OUT045,2002,,Tier 2,Supermarket Type1,543.2928
614,FDC35,7.435,Low Fat,0.12308681199999999,Starchy Foods,206.9638,OUT045,2002,,Tier 2,Supermarket Type1,1035.319
619,FDO19,17.7,Regular,0.016630303,Fruits and Vegetables,48.1034,OUT045,2002,,Tier 2,Supermarket Type1,534.6374
624,FDU14,17.75,Low Fat,0.034823127,Dairy,248.675,OUT045,2002,,Tier 2,Supermarket Type1,4993.5
631,FDL20,17.1,Low Fat,0.12867498300000002,Fruits and Vegetables,112.3886,OUT045,2002,,Tier 2,Supermarket Type1,2334.9606
645,FDT01,13.65,Regular,0.18454121,Canned,211.5902,OUT045,2002,,Tier 2,Supermarket Type1,4672.5844
652,FDD38,16.75,Regular,0.008208341999999999,Canned,102.8674,OUT045,2002,,Tier 2,Supermarket Type1,1528.011
689,FDE39,7.89,Low Fat,0.036207786,Dairy,121.0782,OUT045,2002,,Tier 2,Supermarket Type1,3456.1678
691,NCH55,16.35,Low Fat,0.034742632,Household,127.402,OUT045,2002,,Tier 2,Supermarket Type1,759.012
693,FDR24,17.35,Regular,0.062979148,Baking Goods,87.98299999999999,OUT045,2002,,Tier 2,Supermarket Type1,1707.777
711,NCE31,7.67,Low Fat,0.185218446,Household,36.3216,OUT045,2002,,Tier 2,Supermarket Type1,415.4592
730,FDJ03,12.35,Regular,0.072541731,Dairy,48.5692,OUT045,2002,,Tier 2,Supermarket Type1,886.8456
733,FDU11,4.785,Low Fat,0.092781435,Breads,119.7098,OUT045,2002,,Tier 2,Supermarket Type1,1807.6470000000002
756,FDL40,17.7,Low Fat,0.011636708,Frozen Foods,94.541,OUT045,2002,,Tier 2,Supermarket Type1,1061.951
763,NCR29,7.565,Low Fat,0.054751689000000006,Health and Hygiene,54.793,OUT045,2002,,Tier 2,Supermarket Type1,622.523
768,FDV07,9.5,Low Fat,0.031346387,Fruits and Vegetables,110.7228,OUT045,2002,,Tier 2,Supermarket Type1,1657.842
778,FDM52,15.1,Low Fat,0.026046137999999996,Frozen Foods,147.2076,OUT045,2002,,Tier 2,Supermarket Type1,1773.6912
779,FDY07,11.8,Low Fat,0.12184843599999999,Fruits and Vegetables,46.8402,OUT045,2002,,Tier 2,Supermarket Type1,597.2226
781,FDO10,13.65,Regular,0.0,Snack Foods,55.8588,OUT045,2002,,Tier 2,Supermarket Type1,1431.47
784,FDO45,13.15,Regular,0.038029746,Snack Foods,88.6856,OUT045,2002,,Tier 2,Supermarket Type1,1757.7120000000002
786,FDH58,12.3,Low Fat,0.037014587,Snack Foods,115.1834,OUT045,2002,,Tier 2,Supermarket Type1,1958.1178
794,FDY35,17.6,Regular,0.016060186,Breads,47.2402,OUT045,2002,,Tier 2,Supermarket Type1,505.3422
801,FDA47,10.5,Regular,0.0,Baking Goods,162.421,OUT045,2002,,Tier 2,Supermarket Type1,1304.968
802,NCD19,8.93,Low Fat,0.0,Household,55.4614,OUT045,2002,,Tier 2,Supermarket Type1,331.5684
808,FDA09,13.35,Regular,0.149669322,Snack Foods,180.266,OUT045,2002,,Tier 2,Supermarket Type1,898.83
831,FDA15,9.3,Low Fat,0.016054884,Dairy,250.2092,OUT045,2002,,Tier 2,Supermarket Type1,5976.2208
835,NCO54,19.5,Low Fat,0.01430324,Household,57.2614,OUT045,2002,,Tier 2,Supermarket Type1,1547.3192
864,FDM46,7.365,Low Fat,0.160292264,Snack Foods,94.712,OUT045,2002,,Tier 2,Supermarket Type1,932.12
872,FDJ60,19.35,Regular,0.062655235,Baking Goods,163.3184,OUT045,2002,,Tier 2,Supermarket Type1,2641.8944
879,DRM48,15.2,Low Fat,0.11312562699999999,Soft Drinks,38.6848,OUT045,2002,,Tier 2,Supermarket Type1,1155.8288
896,FDA52,16.2,Regular,0.128682722,Frozen Foods,178.437,OUT045,2002,,Tier 2,Supermarket Type1,1058.622
925,DRL11,10.5,Low Fat,0.048115543,Hard Drinks,159.0946,OUT045,2002,,Tier 2,Supermarket Type1,4102.6596
949,NCO18,13.15,Low Fat,0.024701262,Household,176.8686,OUT045,2002,,Tier 2,Supermarket Type1,2133.2232
957,FDO01,21.1,Regular,0.020760673,Breakfast,128.7994,OUT045,2002,,Tier 2,Supermarket Type1,1798.9916
963,FDD59,10.5,Regular,0.066315023,Starchy Foods,78.296,OUT045,2002,,Tier 2,Supermarket Type1,2157.192
971,FDB39,11.6,Low Fat,0.038597077,Dairy,57.9272,OUT045,2002,,Tier 2,Supermarket Type1,615.1992
972,FDQ22,16.75,Low Fat,0.029799965,Snack Foods,39.1822,OUT045,2002,,Tier 2,Supermarket Type1,314.2576
986,FDD04,16.0,Low Fat,0.090153756,Dairy,143.2154,OUT045,2002,,Tier 2,Supermarket Type1,1418.154
1017,NCN26,10.85,Low Fat,0.028738057999999997,Household,117.1808,OUT045,2002,,Tier 2,Supermarket Type1,703.0848
1023,FDE17,20.1,Regular,0.054565932000000004,Frozen Foods,152.2366,OUT045,2002,,Tier 2,Supermarket Type1,2418.1856
1036,FDI14,14.1,Low Fat,0.08985964199999999,Canned,140.2496,OUT045,2002,,Tier 2,Supermarket Type1,1693.7952
1044,FDO09,13.5,Regular,0.125528734,Snack Foods,262.191,OUT045,2002,,Tier 2,Supermarket Type1,6048.793000000001
1045,FDB40,17.5,Regular,0.007555175999999999,Dairy,145.9102,OUT045,2002,,Tier 2,Supermarket Type1,2187.153
1048,FDE22,9.695,Low Fat,0.029632784,Snack Foods,159.692,OUT045,2002,,Tier 2,Supermarket Type1,958.752
1070,NCY05,13.5,Low Fat,0.05510153,Health and Hygiene,37.0874,OUT045,2002,,Tier 2,Supermarket Type1,952.7598
1073,NCI31,20.0,Low Fat,0.081492092,Others,35.519,OUT045,2002,,Tier 2,Supermarket Type1,1025.3319999999999
1087,NCZ18,7.825,low fat,0.186445212,Household,255.5698,OUT045,2002,,Tier 2,Supermarket Type1,1522.0188
1096,FDV23,11.0,Low Fat,0.106051405,Breads,124.4046,OUT045,2002,,Tier 2,Supermarket Type1,2241.0828
1098,FDF05,17.5,Low Fat,0.026925385,Frozen Foods,264.39099999999996,OUT045,2002,,Tier 2,Supermarket Type1,5259.82
1104,NCM06,7.475,LF,0.075881475,Household,155.2656,OUT045,2002,,Tier 2,Supermarket Type1,2934.8464
1106,FDT46,11.35,Low Fat,0.030869612,Snack Foods,49.8008,OUT045,2002,,Tier 2,Supermarket Type1,708.4112
1108,FDT38,18.7,Low Fat,0.057654132000000004,Dairy,83.1566,OUT045,2002,,Tier 2,Supermarket Type1,1606.5754
1109,NCI17,8.645,Low Fat,0.14371350800000002,Health and Hygiene,96.641,OUT045,2002,,Tier 2,Supermarket Type1,868.8689999999999
1118,NCO43,5.5,LF,0.0,Others,103.1016,OUT045,2002,,Tier 2,Supermarket Type1,2024.0320000000002
1169,FDC09,15.5,Regular,0.026355345,Fruits and Vegetables,100.8332,OUT045,2002,,Tier 2,Supermarket Type1,1537.9979999999998
1191,DRD15,10.6,Low Fat,0.056911107,Dairy,233.9642,OUT045,2002,,Tier 2,Supermarket Type1,3717.8272
1193,FDV04,7.825,Regular,0.150319469,Frozen Foods,156.9288,OUT045,2002,,Tier 2,Supermarket Type1,1571.2879999999998
1197,DRA12,11.6,Low Fat,0.0,Soft Drinks,141.6154,OUT045,2002,,Tier 2,Supermarket Type1,3829.0158
1199,NCK17,11.0,Low Fat,0.037971697,Health and Hygiene,38.948,OUT045,2002,,Tier 2,Supermarket Type1,519.3240000000001
1202,FDG33,5.365,Regular,0.140524691,Seafood,172.7764,OUT045,2002,,Tier 2,Supermarket Type1,2233.0932
1203,FDK58,11.35,Regular,0.045073782,Snack Foods,101.9016,OUT045,2002,,Tier 2,Supermarket Type1,2631.2416
1211,NCX29,10.0,Low Fat,0.08933333199999999,Health and Hygiene,145.6102,OUT045,2002,,Tier 2,Supermarket Type1,2624.5836
1223,FDK38,6.65,Low Fat,0.05339798900000001,Canned,149.3734,OUT045,2002,,Tier 2,Supermarket Type1,296.9468
1230,NCR30,20.6,Low Fat,0.07113694799999999,Household,76.3696,OUT045,2002,,Tier 2,Supermarket Type1,372.848
1231,FDN23,6.575,Regular,0.07566089,Breads,145.4444,OUT045,2002,,Tier 2,Supermarket Type1,2612.5992
1232,FDQ01,19.7,Regular,0.16102755,Canned,254.1014,OUT045,2002,,Tier 2,Supermarket Type1,4845.0266
1234,DRE13,6.28,Low Fat,0.027761288999999998,Soft Drinks,85.8198,OUT045,2002,,Tier 2,Supermarket Type1,872.198
1238,FDF32,16.35,Low Fat,0.068219025,Fruits and Vegetables,198.9426,OUT045,2002,,Tier 2,Supermarket Type1,3559.3668
1239,NCE18,10.0,Low Fat,0.021468792,Household,251.675,OUT045,2002,,Tier 2,Supermarket Type1,4244.475
1247,FDT10,16.7,Regular,0.062170334,Snack Foods,60.9562,OUT045,2002,,Tier 2,Supermarket Type1,829.5868
1249,FDC32,18.35,Low Fat,0.099309997,Fruits and Vegetables,91.4462,OUT045,2002,,Tier 2,Supermarket Type1,1665.8316
1257,NCT05,10.895,Low Fat,0.020994339,Health and Hygiene,255.6672,OUT045,2002,,Tier 2,Supermarket Type1,4346.3424
1266,FDQ59,9.8,Regular,0.056500895,Breads,85.8908,OUT045,2002,,Tier 2,Supermarket Type1,1845.5976
1269,FDD34,7.945,Low Fat,0.015908485,Snack Foods,161.421,OUT045,2002,,Tier 2,Supermarket Type1,3425.5409999999997
1288,FDL34,16.0,Low Fat,0.041028937,Snack Foods,142.6496,OUT045,2002,,Tier 2,Supermarket Type1,1834.9448
1292,NCA42,6.965,Low Fat,0.0,Household,159.6604,OUT045,2002,,Tier 2,Supermarket Type1,3327.6684
1301,NCL54,12.6,Low Fat,0.082921642,Household,175.2054,OUT045,2002,,Tier 2,Supermarket Type1,3502.1079999999997
1306,NCN07,18.5,Low Fat,0.034013539,Others,133.2284,OUT045,2002,,Tier 2,Supermarket Type1,2768.3964
1321,NCY41,16.75,LF,0.075889215,Health and Hygiene,37.6532,OUT045,2002,,Tier 2,Supermarket Type1,575.2512
1328,FDS50,17.0,Low Fat,0.055545797,Dairy,220.5114,OUT045,2002,,Tier 2,Supermarket Type1,5321.0736
1340,DRJ24,11.8,Low Fat,0.113559058,Soft Drinks,184.2924,OUT045,2002,,Tier 2,Supermarket Type1,1850.924
1341,FDI20,19.1,Low Fat,0.038641968,Fruits and Vegetables,212.1586,OUT045,2002,,Tier 2,Supermarket Type1,5909.6408
1342,FDF10,15.5,Regular,0.157246634,Snack Foods,145.6418,OUT045,2002,,Tier 2,Supermarket Type1,2207.127
1356,FDE35,7.06,Regular,0.043989429000000004,Starchy Foods,60.2904,OUT045,2002,,Tier 2,Supermarket Type1,644.4944
1358,FDI46,9.5,Low Fat,0.074496043,Snack Foods,251.9724,OUT045,2002,,Tier 2,Supermarket Type1,2516.724
1367,FDH05,14.35,Regular,0.091098018,Frozen Foods,233.5984,OUT045,2002,,Tier 2,Supermarket Type1,1853.5872
1368,FDA46,13.6,Low Fat,0.11787402400000001,Snack Foods,193.6136,OUT045,2002,,Tier 2,Supermarket Type1,4471.5128
1375,FDP04,15.35,Low Fat,0.013840783999999998,Frozen Foods,65.2168,OUT045,2002,,Tier 2,Supermarket Type1,958.752
1390,FDI41,18.5,Regular,0.0,Frozen Foods,148.7418,OUT045,2002,,Tier 2,Supermarket Type1,2501.4106
1394,FDV34,10.695,Regular,0.011448628999999998,Snack Foods,72.9038,OUT045,2002,,Tier 2,Supermarket Type1,1034.6532
1396,FDY10,17.6,Low Fat,0.049167388,Snack Foods,114.9176,OUT045,2002,,Tier 2,Supermarket Type1,1946.7992
1400,FDK45,11.65,Low Fat,0.033926852,Seafood,111.586,OUT045,2002,,Tier 2,Supermarket Type1,3395.58
1401,FDJ57,7.42,Regular,0.021617397000000003,Seafood,185.0582,OUT045,2002,,Tier 2,Supermarket Type1,5201.2296
1406,DRG15,6.13,Low Fat,0.076891526,Dairy,61.5536,OUT045,2002,,Tier 2,Supermarket Type1,796.2968
1407,FDX36,9.695,Regular,0.128543405,Baking Goods,226.5404,OUT045,2002,,Tier 2,Supermarket Type1,4500.808
1415,FDG26,18.85,low fat,0.042736348,Canned,255.933,OUT045,2002,,Tier 2,Supermarket Type1,3844.995
1447,FDX10,6.385,Regular,0.123961415,Snack Foods,33.2874,OUT045,2002,,Tier 2,Supermarket Type1,141.1496
1453,FDY44,14.15,Regular,0.024454052,Fruits and Vegetables,197.21099999999998,OUT045,2002,,Tier 2,Supermarket Type1,3731.809
1463,DRF37,17.25,Low Fat,0.0,Soft Drinks,263.591,OUT045,2002,,Tier 2,Supermarket Type1,788.9730000000001
1469,FDZ56,16.25,Low Fat,0.025789175,Fruits and Vegetables,166.9474,OUT045,2002,,Tier 2,Supermarket Type1,2863.6058
1471,DRO35,13.85,Low Fat,0.034640466,Hard Drinks,116.1492,OUT045,2002,,Tier 2,Supermarket Type1,1274.3412
1520,FDF12,8.235,Low Fat,0.08259502,Baking Goods,149.1076,OUT045,2002,,Tier 2,Supermarket Type1,1182.4608
1532,FDF52,9.3,Low Fat,0.066918731,Frozen Foods,184.2292,OUT045,2002,,Tier 2,Supermarket Type1,1641.8628
1533,NCG43,20.2,Low Fat,0.07439000700000001,Household,91.4462,OUT045,2002,,Tier 2,Supermarket Type1,1943.4702
1557,NCT29,12.6,Low Fat,0.064240743,Health and Hygiene,121.9414,OUT045,2002,,Tier 2,Supermarket Type1,1462.0968
1559,NCB43,20.2,Low Fat,0.100114941,Household,188.3898,OUT045,2002,,Tier 2,Supermarket Type1,3554.7062
1573,FDL13,13.85,Regular,0.05643278400000001,Breakfast,234.93,OUT045,2002,,Tier 2,Supermarket Type1,4660.6
1593,FDT12,6.215,Regular,0.049722335,Baking Goods,224.5062,OUT045,2002,,Tier 2,Supermarket Type1,4514.124
1598,FDQ08,15.7,Regular,0.018968743,Fruits and Vegetables,61.9536,OUT045,2002,,Tier 2,Supermarket Type1,1225.072
1600,FDW46,13.0,Regular,0.070444232,Snack Foods,63.4484,OUT045,2002,,Tier 2,Supermarket Type1,1043.9744
1610,FDN31,11.5,Low Fat,0.073029341,Fruits and Vegetables,187.953,OUT045,2002,,Tier 2,Supermarket Type1,2656.542
1618,FDP39,12.65,Low Fat,0.069565759,Meat,52.4324,OUT045,2002,,Tier 2,Supermarket Type1,571.2564
1634,FDV22,14.85,Regular,0.009958940999999999,Snack Foods,157.963,OUT045,2002,,Tier 2,Supermarket Type1,2816.3340000000003
1639,NCY18,7.285,Low Fat,0.031214809,Household,177.1054,OUT045,2002,,Tier 2,Supermarket Type1,2626.5809999999997
1655,FDX50,20.1,LF,0.074778547,Dairy,110.7228,OUT045,2002,,Tier 2,Supermarket Type1,1657.842
1658,FDK52,18.25,Low Fat,0.07937949999999999,Frozen Foods,226.1062,OUT045,2002,,Tier 2,Supermarket Type1,6771.186
1681,FDV08,7.35,Low Fat,0.028652919,Fruits and Vegetables,40.5454,OUT045,2002,,Tier 2,Supermarket Type1,545.2902
1685,DRK47,7.905,Low Fat,0.06419430400000001,Hard Drinks,229.4694,OUT045,2002,,Tier 2,Supermarket Type1,2055.3246
1698,FDN48,13.35,Low Fat,0.065082452,Baking Goods,93.0804,OUT045,2002,,Tier 2,Supermarket Type1,2113.2492
1709,FDU60,20.0,Regular,0.060022526,Baking Goods,168.7132,OUT045,2002,,Tier 2,Supermarket Type1,6426.3016
1723,FDI40,11.5,reg,0.125857678,Frozen Foods,100.5358,OUT045,2002,,Tier 2,Supermarket Type1,2111.2518
1728,NCO02,11.15,Low Fat,0.073516952,Others,65.9142,OUT045,2002,,Tier 2,Supermarket Type1,790.9704
1733,FDJ27,17.7,Regular,0.122123201,Meat,100.7674,OUT045,2002,,Tier 2,Supermarket Type1,814.9392
1735,FDA02,14.0,Regular,0.029782937000000002,Dairy,146.3786,OUT045,2002,,Tier 2,Supermarket Type1,866.8716
1743,FDP44,16.5,Regular,0.079875237,Fruits and Vegetables,102.7332,OUT045,2002,,Tier 2,Supermarket Type1,1537.9979999999998
1748,FDS58,9.285,Regular,0.021049215,Snack Foods,161.0578,OUT045,2002,,Tier 2,Supermarket Type1,2406.867
1751,FDF41,12.15,Low Fat,0.131445848,Frozen Foods,246.84599999999998,OUT045,2002,,Tier 2,Supermarket Type1,6404.996
1767,FDL03,19.25,Regular,0.027135522000000002,Meat,196.31099999999998,OUT045,2002,,Tier 2,Supermarket Type1,3142.5759999999996
1782,DRZ24,7.535,Low Fat,0.0,Soft Drinks,121.64399999999999,OUT045,2002,,Tier 2,Supermarket Type1,1557.9720000000002
1797,FDS15,9.195,Regular,0.07821891,Meat,107.6596,OUT045,2002,,Tier 2,Supermarket Type1,323.5788
1816,FDB04,11.35,Regular,0.06335453099999999,Dairy,88.9856,OUT045,2002,,Tier 2,Supermarket Type1,1230.3984
1870,FDY08,9.395,Regular,0.17142216600000001,Fruits and Vegetables,139.1838,OUT045,2002,,Tier 2,Supermarket Type1,1685.8056
1878,FDZ28,20.0,Regular,0.051596927,Frozen Foods,128.0678,OUT045,2002,,Tier 2,Supermarket Type1,1780.3492
1879,DRG49,7.81,Low Fat,0.067592098,Soft Drinks,246.0486,OUT045,2002,,Tier 2,Supermarket Type1,7086.1094
1882,FDP25,15.2,Low Fat,0.021250527999999998,Canned,216.5824,OUT045,2002,,Tier 2,Supermarket Type1,5241.1776
1886,FDT21,7.42,Low Fat,0.0204332,Snack Foods,248.9092,OUT045,2002,,Tier 2,Supermarket Type1,5976.2208
1891,FDJ26,15.3,Regular,0.084937098,Canned,214.0218,OUT045,2002,,Tier 2,Supermarket Type1,1068.609
1895,FDR55,12.15,Regular,0.132351411,Fruits and Vegetables,190.3872,OUT045,2002,,Tier 2,Supermarket Type1,2836.308
1908,DRC27,13.8,Low Fat,0.058220302,Dairy,247.4802,OUT045,2002,,Tier 2,Supermarket Type1,1474.0812
1917,FDL45,15.6,Low Fat,0.037764268999999996,Snack Foods,124.9704,OUT045,2002,,Tier 2,Supermarket Type1,2253.0672
1933,FDS25,6.885,Regular,0.140292495,Canned,108.5228,OUT045,2002,,Tier 2,Supermarket Type1,1989.4104
1939,FDD35,12.15,Low Fat,0.025916882999999998,Starchy Foods,120.244,OUT045,2002,,Tier 2,Supermarket Type1,2277.036
1943,FDS23,4.635,Low Fat,0.141174838,Breads,127.0994,OUT045,2002,,Tier 2,Supermarket Type1,2826.9868
1944,FDC33,8.96,Regular,0.069078149,Fruits and Vegetables,197.7768,OUT045,2002,,Tier 2,Supermarket Type1,3153.2288
1952,FDW09,13.65,Regular,0.025973384,Snack Foods,79.6302,OUT045,2002,,Tier 2,Supermarket Type1,554.6114
1953,FDN09,14.15,LF,0.0,Snack Foods,244.1828,OUT045,2002,,Tier 2,Supermarket Type1,731.0484
1957,FDS31,13.1,Regular,0.044281996,Fruits and Vegetables,178.5318,OUT045,2002,,Tier 2,Supermarket Type1,3067.3406
1963,NCJ18,12.35,Low Fat,0.164274416,Household,119.8124,OUT045,2002,,Tier 2,Supermarket Type1,2133.2232
1964,FDL51,20.7,Regular,0.047587685,Dairy,215.0876,OUT045,2002,,Tier 2,Supermarket Type1,5145.3024
1967,FDA48,12.1,Low Fat,0.11510702800000001,Baking Goods,222.0114,OUT045,2002,,Tier 2,Supermarket Type1,3547.3824
1969,NCZ54,14.65,Low Fat,0.08352844599999999,Household,162.4552,OUT045,2002,,Tier 2,Supermarket Type1,2274.3728
1980,FDQ19,7.35,Regular,0.014394261,Fruits and Vegetables,241.3512,OUT045,2002,,Tier 2,Supermarket Type1,5331.7264
1986,DRG37,16.2,Low Fat,0.019417732,Soft Drinks,153.7972,OUT045,2002,,Tier 2,Supermarket Type1,1402.1748
2003,DRL35,15.7,Low Fat,0.030765898,Hard Drinks,43.277,OUT045,2002,,Tier 2,Supermarket Type1,649.155
2004,FDR01,5.405,Regular,0.053730029000000006,Canned,199.0742,OUT045,2002,,Tier 2,Supermarket Type1,4777.7808
2005,FDS24,20.85,Regular,0.062350672,Baking Goods,86.9514,OUT045,2002,,Tier 2,Supermarket Type1,1416.8224
2008,FDB59,18.25,Low Fat,0.015309885,Snack Foods,197.6084,OUT045,2002,,Tier 2,Supermarket Type1,2380.9008
2018,FDD51,11.15,Low Fat,0.0,Dairy,44.7744,OUT045,2002,,Tier 2,Supermarket Type1,181.0976
2046,FDV31,9.8,Low Fat,0.10693374800000001,Fruits and Vegetables,175.33700000000002,OUT045,2002,,Tier 2,Supermarket Type1,529.311
2047,NCD42,16.5,Low Fat,0.012663476000000002,Health and Hygiene,39.3506,OUT045,2002,,Tier 2,Supermarket Type1,645.1602
2051,FDF34,9.3,Regular,0.014047825,Snack Foods,196.5084,OUT045,2002,,Tier 2,Supermarket Type1,4364.9848
2052,FDI28,14.3,Low Fat,0.026375082,Frozen Foods,79.6302,OUT045,2002,,Tier 2,Supermarket Type1,792.302
2054,DRF60,10.8,low fat,0.052174319000000004,Soft Drinks,240.3564,OUT045,2002,,Tier 2,Supermarket Type1,4290.4152
2067,FDR48,11.65,Low Fat,0.13177092199999998,Baking Goods,151.1024,OUT045,2002,,Tier 2,Supermarket Type1,1518.024
2080,DRE48,8.43,Low Fat,0.017360867,Soft Drinks,196.2768,OUT045,2002,,Tier 2,Supermarket Type1,1576.6144
2098,FDI45,13.1,Low Fat,0.037657459,Fruits and Vegetables,175.8054,OUT045,2002,,Tier 2,Supermarket Type1,2801.6864
2112,FDX58,13.15,LF,0.043852434,Snack Foods,182.695,OUT045,2002,,Tier 2,Supermarket Type1,4211.185
2137,FDU49,19.5,Regular,0.03075661,Canned,86.25399999999999,OUT045,2002,,Tier 2,Supermarket Type1,2163.85
2152,NCY06,15.25,Low Fat,0.061308889000000005,Household,128.8968,OUT045,2002,,Tier 2,Supermarket Type1,2348.9424
2154,FDE16,8.895,Low Fat,0.026397141000000002,Frozen Foods,207.8954,OUT045,2002,,Tier 2,Supermarket Type1,3542.7218
2167,NCQ38,16.35,Low Fat,0.013393536999999999,Others,106.02799999999999,OUT045,2002,,Tier 2,Supermarket Type1,1065.28
2173,FDI07,12.35,reg,0.03382933,Meat,196.9426,OUT045,2002,,Tier 2,Supermarket Type1,2768.3964
2193,FDR26,20.7,Low Fat,0.042923652,Dairy,178.3028,OUT045,2002,,Tier 2,Supermarket Type1,1062.6168
2197,FDW50,13.1,Low Fat,0.075731322,Dairy,167.5158,OUT045,2002,,Tier 2,Supermarket Type1,1504.0422
2206,FDR52,12.65,Regular,0.076198809,Frozen Foods,191.3846,OUT045,2002,,Tier 2,Supermarket Type1,2675.1844
2211,FDT31,19.75,Low Fat,0.01247354,Fruits and Vegetables,187.5872,OUT045,2002,,Tier 2,Supermarket Type1,1323.6104
2212,DRD25,6.135,Low Fat,0.07913221200000001,Soft Drinks,112.686,OUT045,2002,,Tier 2,Supermarket Type1,2942.836
2214,FDL33,7.235,Low Fat,0.10016525,Snack Foods,193.9452,OUT045,2002,,Tier 2,Supermarket Type1,2936.178
2216,FDT16,9.895,Regular,0.048761045999999995,Frozen Foods,260.5278,OUT045,2002,,Tier 2,Supermarket Type1,8851.1452
2222,FDE33,19.35,Regular,0.049736267,Fruits and Vegetables,76.8644,OUT045,2002,,Tier 2,Supermarket Type1,1571.2879999999998
2226,NCX18,14.15,Low Fat,0.008811818,Household,196.511,OUT045,2002,,Tier 2,Supermarket Type1,2749.7540000000004
2233,FDB49,8.3,Regular,0.030212499,Baking Goods,98.0384,OUT045,2002,,Tier 2,Supermarket Type1,2857.6136
2236,FDS49,9.0,Low Fat,0.079506434,Canned,78.3644,OUT045,2002,,Tier 2,Supermarket Type1,1728.4168
2259,FDY49,17.2,Regular,0.012036432,Canned,165.7184,OUT045,2002,,Tier 2,Supermarket Type1,1816.3024
2260,FDN02,16.5,Low Fat,0.073977473,Canned,206.8638,OUT045,2002,,Tier 2,Supermarket Type1,2070.638
2261,FDP37,15.6,Low Fat,0.143396175,Breakfast,128.0994,OUT045,2002,,Tier 2,Supermarket Type1,2184.4898
2274,FDI12,9.395,Regular,0.100602552,Baking Goods,88.3856,OUT045,2002,,Tier 2,Supermarket Type1,703.0848
2293,FDR45,10.8,Low Fat,0.029001987000000003,Snack Foods,238.6222,OUT045,2002,,Tier 2,Supermarket Type1,8604.7992
2298,DRG27,8.895,Low Fat,0.105323859,Dairy,39.1138,OUT045,2002,,Tier 2,Supermarket Type1,609.207
2299,FDR02,16.7,Low Fat,0.022110425,Dairy,110.8886,OUT045,2002,,Tier 2,Supermarket Type1,3558.0352
2314,FDF26,6.825,Regular,0.046729335999999996,Canned,153.4998,OUT045,2002,,Tier 2,Supermarket Type1,2153.1972
2319,FDB02,9.695,Regular,0.029223423999999998,Canned,175.437,OUT045,2002,,Tier 2,Supermarket Type1,2999.429
2321,FDA11,7.75,LF,0.043326511,Baking Goods,95.6436,OUT045,2002,,Tier 2,Supermarket Type1,1134.5232
2338,FDH12,9.6,Low Fat,0.08512595099999999,Baking Goods,107.12799999999999,OUT045,2002,,Tier 2,Supermarket Type1,1278.336
2366,FDU20,19.35,Regular,0.021501067000000002,Fruits and Vegetables,122.2098,OUT045,2002,,Tier 2,Supermarket Type1,2771.7254
2379,FDH41,9.0,Low Fat,0.082177842,Frozen Foods,214.1534,OUT045,2002,,Tier 2,Supermarket Type1,1720.4272
2396,FDL44,18.25,Low Fat,0.012300013,Fruits and Vegetables,160.4894,OUT045,2002,,Tier 2,Supermarket Type1,3073.9986
2400,NCP43,17.75,Low Fat,0.030568919,Others,177.86599999999999,OUT045,2002,,Tier 2,Supermarket Type1,2336.958
2414,FDH32,12.8,Low Fat,0.076214289,Fruits and Vegetables,96.541,OUT045,2002,,Tier 2,Supermarket Type1,1834.279
2415,FDW37,19.2,Low Fat,0.12430196800000001,Canned,89.7488,OUT045,2002,,Tier 2,Supermarket Type1,2082.6224
2423,FDY52,6.365,Low Fat,0.007363189,Frozen Foods,63.2536,OUT045,2002,,Tier 2,Supermarket Type1,1225.072
2459,FDX07,19.2,Regular,0.022965292,Fruits and Vegetables,181.695,OUT045,2002,,Tier 2,Supermarket Type1,2563.33
2460,DRG48,5.78,Low Fat,0.014584584,Soft Drinks,146.3102,OUT045,2002,,Tier 2,Supermarket Type1,2187.153
2465,FDO03,10.395,Regular,0.036957777000000004,Meat,230.5352,OUT045,2002,,Tier 2,Supermarket Type1,4580.704000000001
2471,FDW57,8.31,Regular,0.11591197199999999,Snack Foods,177.3028,OUT045,2002,,Tier 2,Supermarket Type1,1948.1308
2473,FDT25,7.5,Low Fat,0.05085390099999999,Canned,121.7072,OUT045,2002,,Tier 2,Supermarket Type1,367.5216
2478,NCV06,11.3,Low Fat,0.066816565,Household,192.2478,OUT045,2002,,Tier 2,Supermarket Type1,1356.2346
2481,FDC38,15.7,Low Fat,0.12274238900000001,Canned,134.2942,OUT045,2002,,Tier 2,Supermarket Type1,1192.4478
2488,FDP07,18.2,Low Fat,0.090084098,Fruits and Vegetables,197.21099999999998,OUT045,2002,,Tier 2,Supermarket Type1,3142.5759999999996
2496,FDQ26,13.5,Regular,0.068010049,Dairy,57.2562,OUT045,2002,,Tier 2,Supermarket Type1,770.3306
2507,FDD11,12.85,Low Fat,0.030678825,Starchy Foods,251.704,OUT045,2002,,Tier 2,Supermarket Type1,3542.0559999999996
2517,NCT06,17.1,Low Fat,0.038816115,Household,166.4842,OUT045,2002,,Tier 2,Supermarket Type1,1326.2736
2531,NCT42,5.88,Low Fat,0.024937792,Household,148.4392,OUT045,2002,,Tier 2,Supermarket Type1,2087.9488
2537,FDN45,19.35,Low Fat,0.118342285,Snack Foods,222.6088,OUT045,2002,,Tier 2,Supermarket Type1,1789.6704
2545,DRC13,8.26,Regular,0.0,Soft Drinks,122.573,OUT045,2002,,Tier 2,Supermarket Type1,739.038
2558,FDS40,15.35,Low Fat,0.014047825,Frozen Foods,36.719,OUT045,2002,,Tier 2,Supermarket Type1,585.904
2568,DRF25,9.0,Low Fat,0.039004193,Soft Drinks,37.019,OUT045,2002,,Tier 2,Supermarket Type1,659.1419999999999
2569,FDG14,9.0,reg,0.05060313,Canned,150.9024,OUT045,2002,,Tier 2,Supermarket Type1,4402.2696
2575,DRG23,8.88,Low Fat,0.086957199,Hard Drinks,152.5682,OUT045,2002,,Tier 2,Supermarket Type1,1372.2138
2578,NCN42,20.25,Low Fat,0.014251461000000002,Household,148.6418,OUT045,2002,,Tier 2,Supermarket Type1,2648.5524
2593,NCH30,17.1,Low Fat,0.067290244,Household,114.586,OUT045,2002,,Tier 2,Supermarket Type1,1584.604
2594,FDS04,10.195,Regular,0.146960375,Frozen Foods,142.2838,OUT045,2002,,Tier 2,Supermarket Type1,1685.8056
2597,DRG11,6.385,Low Fat,0.084008316,Hard Drinks,108.2596,OUT045,2002,,Tier 2,Supermarket Type1,1186.4556
2603,FDH09,12.6,Low Fat,0.056191301,Seafood,53.2982,OUT045,2002,,Tier 2,Supermarket Type1,736.3748
2607,FDK26,5.46,Regular,0.032242661,Canned,187.62400000000002,OUT045,2002,,Tier 2,Supermarket Type1,3542.0559999999996
2609,FDI22,12.6,Low Fat,0.096407554,Snack Foods,210.8612,OUT045,2002,,Tier 2,Supermarket Type1,3344.9792
2611,FDX46,12.3,Regular,0.05823462099999999,Snack Foods,58.7562,OUT045,2002,,Tier 2,Supermarket Type1,592.562
2618,FDJ08,11.1,Low Fat,0.11089655,Fruits and Vegetables,191.5846,OUT045,2002,,Tier 2,Supermarket Type1,2101.9306
2624,FDT36,12.3,Low Fat,0.111500259,Baking Goods,35.6874,OUT045,2002,,Tier 2,Supermarket Type1,846.8976
2631,FDP45,15.7,Regular,0.030686952000000003,Snack Foods,253.4724,OUT045,2002,,Tier 2,Supermarket Type1,1510.0344
2674,FDY04,17.7,Regular,0.042562588,Frozen Foods,165.021,OUT045,2002,,Tier 2,Supermarket Type1,3425.5409999999997
2703,FDS47,16.75,Low Fat,0.0,Breads,88.7856,OUT045,2002,,Tier 2,Supermarket Type1,966.7416
2706,FDU34,18.25,Low Fat,0.075347426,Snack Foods,126.3046,OUT045,2002,,Tier 2,Supermarket Type1,747.0276
2713,FDG10,6.63,Regular,0.010961483000000001,Snack Foods,58.2588,OUT045,2002,,Tier 2,Supermarket Type1,343.5528
2722,FDY57,20.2,Regular,0.121500143,Snack Foods,95.0752,OUT045,2002,,Tier 2,Supermarket Type1,2588.6304
2731,NCC07,19.6,Low Fat,0.023999722,Household,104.0964,OUT045,2002,,Tier 2,Supermarket Type1,525.982
2735,NCG07,12.3,Low Fat,0.052608525,Household,191.253,OUT045,2002,,Tier 2,Supermarket Type1,2656.542
2739,FDP27,8.155,Low Fat,0.11969288800000001,Meat,188.453,OUT045,2002,,Tier 2,Supermarket Type1,4364.319
2774,NCI54,15.2,low fat,0.03366718,Household,109.6912,OUT045,2002,,Tier 2,Supermarket Type1,1419.4856
2775,FDP19,11.5,Low Fat,0.17386795800000002,Fruits and Vegetables,128.8652,OUT045,2002,,Tier 2,Supermarket Type1,1291.652
2778,FDZ15,13.1,Low Fat,0.020913071000000002,Dairy,120.1782,OUT045,2002,,Tier 2,Supermarket Type1,2026.0294
2783,NCI55,18.6,Low Fat,0.012679226000000002,Household,120.9414,OUT045,2002,,Tier 2,Supermarket Type1,2680.5108
2785,FDV45,16.75,Low Fat,0.045138797,Snack Foods,187.9556,OUT045,2002,,Tier 2,Supermarket Type1,2816.3340000000003
2791,NCE55,8.92,Low Fat,0.130191993,Household,176.83700000000002,OUT045,2002,,Tier 2,Supermarket Type1,2117.244
2797,DRF48,5.73,Low Fat,0.05190652,Soft Drinks,188.1898,OUT045,2002,,Tier 2,Supermarket Type1,1496.7184
2811,DRN59,15.0,Low Fat,0.064271703,Hard Drinks,45.506,OUT045,2002,,Tier 2,Supermarket Type1,466.06
2823,NCU54,8.88,LF,0.098822387,Household,209.627,OUT045,2002,,Tier 2,Supermarket Type1,1887.543
2835,FDX24,8.355,Low Fat,0.013957308,Baking Goods,94.0462,OUT045,2002,,Tier 2,Supermarket Type1,1480.7392
2845,FDN04,11.8,Regular,0.014115626000000001,Frozen Foods,178.5344,OUT045,2002,,Tier 2,Supermarket Type1,3390.2536
2859,FDX19,19.1,Low Fat,0.096929994,Fruits and Vegetables,233.8958,OUT045,2002,,Tier 2,Supermarket Type1,2103.2622
2865,FDM51,11.8,Regular,0.025978802000000002,Meat,102.5674,OUT045,2002,,Tier 2,Supermarket Type1,1629.8784
2882,DRI49,14.15,Low Fat,0.183879453,Soft Drinks,82.9276,OUT045,2002,,Tier 2,Supermarket Type1,1705.7796
2883,FDW26,11.8,Regular,0.107274301,Dairy,221.1772,OUT045,2002,,Tier 2,Supermarket Type1,3113.2808
2886,FDU39,18.85,Low Fat,0.036111038,Meat,58.1562,OUT045,2002,,Tier 2,Supermarket Type1,1185.124
2938,FDJ56,8.985,Low Fat,0.183774965,Fruits and Vegetables,101.77,OUT045,2002,,Tier 2,Supermarket Type1,798.96
2970,FDZ13,7.84,Regular,0.153806271,Canned,51.335,OUT045,2002,,Tier 2,Supermarket Type1,1198.44
2993,FDU12,15.5,Regular,0.075904695,Baking Goods,263.9568,OUT045,2002,,Tier 2,Supermarket Type1,4745.8224
2997,FDX22,6.785,Regular,0.023021406,Snack Foods,208.9928,OUT045,2002,,Tier 2,Supermarket Type1,2103.928
3000,FDK34,13.35,Low Fat,0.038604817,Snack Foods,236.3564,OUT045,2002,,Tier 2,Supermarket Type1,2145.2076
3014,FDE29,8.905,Low Fat,0.143419394,Frozen Foods,61.4878,OUT045,2002,,Tier 2,Supermarket Type1,1151.1682
3026,NCM41,16.5,Low Fat,0.035728302,Health and Hygiene,95.212,OUT045,2002,,Tier 2,Supermarket Type1,838.908
3031,NCB31,6.235,Low Fat,0.118915034,Household,264.791,OUT045,2002,,Tier 2,Supermarket Type1,2103.928
3033,FDY28,7.47,Regular,0.0,Frozen Foods,211.8218,OUT045,2002,,Tier 2,Supermarket Type1,6411.654
3045,FDO52,11.6,Regular,0.077321087,Frozen Foods,169.3106,OUT045,2002,,Tier 2,Supermarket Type1,2224.4378
3051,DRF23,4.61,Low Fat,0.122901056,Hard Drinks,174.4396,OUT045,2002,,Tier 2,Supermarket Type1,2616.594
3060,NCP18,12.15,Low Fat,0.028656248,Household,149.3708,OUT045,2002,,Tier 2,Supermarket Type1,1203.7664
3065,FDE10,6.67,Regular,0.090130537,Snack Foods,131.4626,OUT045,2002,,Tier 2,Supermarket Type1,1705.1138
3078,FDR12,12.6,Regular,0.031598706000000004,Baking Goods,172.9764,OUT045,2002,,Tier 2,Supermarket Type1,2233.0932
3082,FDL27,6.17,Low Fat,0.010652508,Meat,65.6826,OUT045,2002,,Tier 2,Supermarket Type1,774.9912
3091,NCA41,16.75,Low Fat,0.032652796,Health and Hygiene,190.8162,OUT045,2002,,Tier 2,Supermarket Type1,2886.243
3093,FDJ48,11.3,Low Fat,0.0,Baking Goods,245.2118,OUT045,2002,,Tier 2,Supermarket Type1,5681.2714
3096,FDU51,20.2,Regular,0.09670940800000001,Meat,175.8028,OUT045,2002,,Tier 2,Supermarket Type1,3896.2616
3101,NCH29,5.51,Low Fat,0.034543718,Health and Hygiene,99.7726,OUT045,2002,,Tier 2,Supermarket Type1,978.7260000000001
3109,FDG59,15.85,Low Fat,0.043322254000000004,Starchy Foods,39.6164,OUT045,2002,,Tier 2,Supermarket Type1,1004.0264
3122,FDB28,6.615,Low Fat,0.093574769,Dairy,199.4426,OUT045,2002,,Tier 2,Supermarket Type1,3361.6242
3139,FDW19,12.35,Regular,0.038578501,Fruits and Vegetables,109.557,OUT045,2002,,Tier 2,Supermarket Type1,1757.7120000000002
3144,FDK25,11.6,Regular,0.157149885,Breakfast,168.2474,OUT045,2002,,Tier 2,Supermarket Type1,2863.6058
3145,FDK41,14.3,Low Fat,0.12780038,Frozen Foods,83.6224,OUT045,2002,,Tier 2,Supermarket Type1,852.2239999999999
3150,DRE15,13.35,Low Fat,0.017821466,Dairy,75.1012,OUT045,2002,,Tier 2,Supermarket Type1,1366.2216
3155,FDP58,11.1,Low Fat,0.135416391,Snack Foods,218.3482,OUT045,2002,,Tier 2,Supermarket Type1,2847.6266
3178,FDK04,7.36,Low Fat,0.052418124,Frozen Foods,56.5588,OUT045,2002,,Tier 2,Supermarket Type1,801.6232
3183,FDR09,18.25,Low Fat,0.077882226,Snack Foods,258.0962,OUT045,2002,,Tier 2,Supermarket Type1,1035.9848
3188,DRO59,11.8,Low Fat,0.054264078,Hard Drinks,75.0012,OUT045,2002,,Tier 2,Supermarket Type1,834.9132
3189,FDD48,10.395,Low Fat,0.030219852000000002,Baking Goods,114.7176,OUT045,2002,,Tier 2,Supermarket Type1,2748.4224
3198,DRJ51,14.1,Low Fat,0.088172355,Dairy,232.2668,OUT045,2002,,Tier 2,Supermarket Type1,4146.6024
3218,NCC18,19.1,Low Fat,0.177629525,Household,173.9422,OUT045,2002,,Tier 2,Supermarket Type1,2414.1908
3242,FDO22,13.5,reg,0.017895691000000002,Snack Foods,79.49600000000001,OUT045,2002,,Tier 2,Supermarket Type1,1597.92
3248,FDR25,17.0,Regular,0.139804885,Canned,265.7884,OUT045,2002,,Tier 2,Supermarket Type1,3974.8259999999996
3264,FDI52,18.7,Low Fat,0.10489042800000001,Frozen Foods,121.4072,OUT045,2002,,Tier 2,Supermarket Type1,3185.1872
3268,FDR23,15.85,Low Fat,0.081953387,Breads,176.237,OUT045,2002,,Tier 2,Supermarket Type1,2646.555
3284,FDF35,15.0,Low Fat,0.154301621,Starchy Foods,105.9938,OUT045,2002,,Tier 2,Supermarket Type1,428.7752
3298,NCC54,17.75,Low Fat,0.09790908400000001,Health and Hygiene,242.1196,OUT045,2002,,Tier 2,Supermarket Type1,4097.3332
3302,DRH36,16.2,Low Fat,0.033447756,Soft Drinks,73.9696,OUT045,2002,,Tier 2,Supermarket Type1,894.8352
3311,NCI18,18.35,Low Fat,0.014052469,Household,224.0746,OUT045,2002,,Tier 2,Supermarket Type1,1346.2476
3324,FDK03,12.6,Regular,0.07407035099999999,Dairy,254.2356,OUT045,2002,,Tier 2,Supermarket Type1,4578.0408
3327,FDQ46,7.51,Low Fat,0.104023565,Snack Foods,112.4544,OUT045,2002,,Tier 2,Supermarket Type1,2013.3792
3330,FDP20,19.85,Low Fat,0.045761855,Fruits and Vegetables,125.602,OUT045,2002,,Tier 2,Supermarket Type1,632.51
3338,FDU07,11.1,Low Fat,0.059968347000000005,Fruits and Vegetables,152.8366,OUT045,2002,,Tier 2,Supermarket Type1,1662.5026
3344,FDS20,8.85,Low Fat,0.053976156,Fruits and Vegetables,181.5292,OUT045,2002,,Tier 2,Supermarket Type1,1277.0044
3364,FDT09,15.15,Regular,0.012288171,Snack Foods,129.9284,OUT045,2002,,Tier 2,Supermarket Type1,2241.0828
3365,FDR11,10.5,Regular,0.142827296,Breads,159.4578,OUT045,2002,,Tier 2,Supermarket Type1,3048.6982
3379,FDT43,16.35,Low Fat,0.020589623,Fruits and Vegetables,53.2324,OUT045,2002,,Tier 2,Supermarket Type1,727.0536
3431,NCY29,13.65,Low Fat,0.077390746,Health and Hygiene,54.693000000000005,OUT045,2002,,Tier 2,Supermarket Type1,679.1160000000001
3433,DRL49,13.15,Low Fat,0.056543464,Soft Drinks,140.5812,OUT045,2002,,Tier 2,Supermarket Type1,427.4436
3435,FDE50,19.7,Regular,0.016238512,Canned,186.4556,OUT045,2002,,Tier 2,Supermarket Type1,5069.4012
3441,FDJ20,20.7,Regular,0.100378096,Fruits and Vegetables,122.4388,OUT045,2002,,Tier 2,Supermarket Type1,1238.388
3442,FDI58,7.64,Regular,0.070847865,Snack Foods,91.712,OUT045,2002,,Tier 2,Supermarket Type1,2050.6639999999998
3446,NCG54,12.1,Low Fat,0.079968115,Household,170.8106,OUT045,2002,,Tier 2,Supermarket Type1,4619.9862
3451,DRG51,12.1,Low Fat,0.011563024,Dairy,164.9526,OUT045,2002,,Tier 2,Supermarket Type1,2302.3364
3456,FDV33,9.6,Regular,0.027399064,Snack Foods,258.3304,OUT045,2002,,Tier 2,Supermarket Type1,4133.2864
3457,FDY33,14.5,Regular,0.097398254,Snack Foods,157.4262,OUT045,2002,,Tier 2,Supermarket Type1,3978.155
3459,FDA57,18.85,Low Fat,0.039723998999999996,Snack Foods,41.048,OUT045,2002,,Tier 2,Supermarket Type1,918.804
3461,FDA27,20.35,Regular,0.030990353999999998,Dairy,256.3672,OUT045,2002,,Tier 2,Supermarket Type1,1022.6688
3468,NCZ29,15.0,Low Fat,0.071516201,Health and Hygiene,127.7362,OUT045,2002,,Tier 2,Supermarket Type1,1761.7068
3472,FDN08,7.72,Regular,0.08854386800000001,Fruits and Vegetables,117.5466,OUT045,2002,,Tier 2,Supermarket Type1,824.9262
3476,FDF50,4.905,Low Fat,0.1175683,Canned,197.6768,OUT045,2002,,Tier 2,Supermarket Type1,2956.152
3486,DRM47,9.3,Low Fat,0.043874493,Hard Drinks,191.0846,OUT045,2002,,Tier 2,Supermarket Type1,1337.5922
3495,FDX26,17.7,Low Fat,0.087986599,Dairy,181.4292,OUT045,2002,,Tier 2,Supermarket Type1,2918.8672
3499,FDO44,12.6,Low Fat,0.087630566,Fruits and Vegetables,110.0228,OUT045,2002,,Tier 2,Supermarket Type1,3205.1612
3551,NCM18,13.0,LF,0.083009876,Household,61.1194,OUT045,2002,,Tier 2,Supermarket Type1,2352.9372
3557,FDS37,7.655,Low Fat,0.032009653,Canned,117.2492,OUT045,2002,,Tier 2,Supermarket Type1,2432.8332
3558,FDY60,10.5,Regular,0.026424424,Baking Goods,145.2128,OUT045,2002,,Tier 2,Supermarket Type1,3739.1328
3560,FDM28,15.7,Low Fat,0.045295529,Frozen Foods,181.36599999999999,OUT045,2002,,Tier 2,Supermarket Type1,1977.4260000000002
3570,FDY47,8.6,Regular,0.054594957,Breads,130.531,OUT045,2002,,Tier 2,Supermarket Type1,1298.31
3572,FDR51,9.035,Regular,0.17382151899999998,Meat,151.4708,OUT045,2002,,Tier 2,Supermarket Type1,2407.5328
3575,FDJ04,18.0,Low Fat,0.12470444,Frozen Foods,120.3124,OUT045,2002,,Tier 2,Supermarket Type1,2725.7852
3578,FDH14,17.1,Regular,0.046903482,Canned,142.0838,OUT045,2002,,Tier 2,Supermarket Type1,2528.7084
3580,FDX31,20.35,Regular,0.0,Fruits and Vegetables,234.4958,OUT045,2002,,Tier 2,Supermarket Type1,1402.1748
3584,FDC47,15.0,Low Fat,0.11913174900000001,Snack Foods,226.9694,OUT045,2002,,Tier 2,Supermarket Type1,6851.081999999999
3586,NCR42,9.105,Low Fat,0.038559926,Household,33.89,OUT045,2002,,Tier 2,Supermarket Type1,99.87
3593,FDD39,16.7,Low Fat,0.070297175,Dairy,216.385,OUT045,2002,,Tier 2,Supermarket Type1,3678.545
3597,DRI01,7.97,Low Fat,0.0,Soft Drinks,173.7422,OUT045,2002,,Tier 2,Supermarket Type1,2759.0752
3616,FDF57,14.5,Regular,0.058946687000000005,Fruits and Vegetables,168.6448,OUT045,2002,,Tier 2,Supermarket Type1,2897.5616
3634,FDC51,10.895,Regular,0.009641375,Dairy,124.17299999999999,OUT045,2002,,Tier 2,Supermarket Type1,1601.249
3637,FDW24,6.8,Low Fat,0.037573095,Baking Goods,50.2034,OUT045,2002,,Tier 2,Supermarket Type1,1166.4816
3643,FDV36,18.7,Low Fat,0.026355345,Baking Goods,127.102,OUT045,2002,,Tier 2,Supermarket Type1,3289.052
3644,NCW41,18.0,Low Fat,0.01548171,Health and Hygiene,159.3604,OUT045,2002,,Tier 2,Supermarket Type1,2059.9852
3646,FDE36,5.26,Regular,0.041857101,Baking Goods,162.7868,OUT045,2002,,Tier 2,Supermarket Type1,4258.4568
3647,FDO27,6.175,Regular,0.0,Meat,94.9752,OUT045,2002,,Tier 2,Supermarket Type1,1534.0032
3648,FDW27,5.86,Regular,0.151159243,Meat,156.6314,OUT045,2002,,Tier 2,Supermarket Type1,3257.7594
3654,FDZ08,12.5,Regular,0.11021544400000001,Fruits and Vegetables,81.8592,OUT045,2002,,Tier 2,Supermarket Type1,1238.388
3672,DRN47,12.1,Low Fat,0.0,Hard Drinks,179.86599999999999,OUT045,2002,,Tier 2,Supermarket Type1,3595.32
3675,FDU21,11.8,Regular,0.07687604599999999,Snack Foods,33.1558,OUT045,2002,,Tier 2,Supermarket Type1,543.2928
3681,FDI60,7.22,Regular,0.038398937,Baking Goods,61.951,OUT045,2002,,Tier 2,Supermarket Type1,1518.024
3682,FDK33,17.85,Low Fat,0.011258035,Snack Foods,211.65599999999998,OUT045,2002,,Tier 2,Supermarket Type1,2556.672
3687,DRK37,5.0,Low Fat,0.0,Soft Drinks,189.85299999999998,OUT045,2002,,Tier 2,Supermarket Type1,4933.5779999999995
3707,FDU25,12.35,Low Fat,0.026735372,Canned,57.4246,OUT045,2002,,Tier 2,Supermarket Type1,810.9444
3723,FDR34,17.0,Regular,0.015997687,Snack Foods,229.1352,OUT045,2002,,Tier 2,Supermarket Type1,4580.704000000001
3731,FDW32,18.35,Regular,0.09448807099999999,Fruits and Vegetables,87.1882,OUT045,2002,,Tier 2,Supermarket Type1,515.3292
3734,NCL06,14.65,Low Fat,0.072212787,Household,260.9594,OUT045,2002,,Tier 2,Supermarket Type1,2878.2534
3749,FDY15,18.25,Regular,0.171174491,Dairy,156.463,OUT045,2002,,Tier 2,Supermarket Type1,938.778
3754,FDM09,11.15,Regular,0.086105815,Snack Foods,167.87900000000002,OUT045,2002,,Tier 2,Supermarket Type1,2886.243
3766,FDU02,13.35,Low Fat,0.1027194,Dairy,228.8352,OUT045,2002,,Tier 2,Supermarket Type1,5267.8096
3774,NCW53,18.35,Low Fat,0.030556922,Health and Hygiene,190.6162,OUT045,2002,,Tier 2,Supermarket Type1,3271.0754
3787,FDN22,18.85,Regular,0.138585859,Snack Foods,252.4724,OUT045,2002,,Tier 2,Supermarket Type1,3271.7412
3789,FDK48,7.445,Low Fat,0.037708542000000005,Baking Goods,74.7354,OUT045,2002,,Tier 2,Supermarket Type1,1128.531
3792,FDM21,20.2,Low Fat,0.06449461,Snack Foods,259.2646,OUT045,2002,,Tier 2,Supermarket Type1,3091.9752
3793,FDX12,18.2,Regular,0.026117345,Baking Goods,239.2196,OUT045,2002,,Tier 2,Supermarket Type1,3133.2548
3815,FDB26,14.0,Regular,0.031330907000000005,Canned,52.364,OUT045,2002,,Tier 2,Supermarket Type1,745.696
3821,DRD27,18.75,Low Fat,0.0,Dairy,97.9042,OUT045,2002,,Tier 2,Supermarket Type1,1686.4714
3847,NCV41,14.35,Low Fat,0.017073332,Health and Hygiene,109.5228,OUT045,2002,,Tier 2,Supermarket Type1,1657.842
3854,FDR37,16.5,Regular,0.066383907,Breakfast,180.4292,OUT045,2002,,Tier 2,Supermarket Type1,2189.1504
3860,DRD13,15.0,Low Fat,0.049178998,Soft Drinks,65.6168,OUT045,2002,,Tier 2,Supermarket Type1,639.168
3871,NCJ19,18.6,LF,0.11841968300000001,Others,58.3588,OUT045,2002,,Tier 2,Supermarket Type1,1545.9876
3878,FDD56,15.2,Regular,0.103988736,Fruits and Vegetables,177.0054,OUT045,2002,,Tier 2,Supermarket Type1,3677.2134
3916,FDQ47,7.155,Regular,0.16852746300000002,Breads,33.6874,OUT045,2002,,Tier 2,Supermarket Type1,1023.3346
3921,FDC04,15.6,Low Fat,0.045076878,Dairy,241.3854,OUT045,2002,,Tier 2,Supermarket Type1,2900.2248
3931,FDD40,20.25,Regular,0.014823358,Dairy,190.7162,OUT045,2002,,Tier 2,Supermarket Type1,1154.4972
3936,FDB16,8.21,Low Fat,0.045016894,Dairy,87.6198,OUT045,2002,,Tier 2,Supermarket Type1,1133.8574
3937,FDF16,7.3,Low Fat,0.086307051,Frozen Foods,146.8076,OUT045,2002,,Tier 2,Supermarket Type1,1330.2684
3954,NCW06,16.2,Low Fat,0.050442528,Household,190.8162,OUT045,2002,,Tier 2,Supermarket Type1,2693.8268
3980,DRQ35,9.3,low fat,0.042377219,Hard Drinks,123.7388,OUT045,2002,,Tier 2,Supermarket Type1,1609.9044
3987,FDQ13,11.1,Low Fat,0.010663188999999998,Canned,82.3908,OUT045,2002,,Tier 2,Supermarket Type1,1342.2528
3991,FDK20,12.6,Regular,0.041641933,Fruits and Vegetables,121.1072,OUT045,2002,,Tier 2,Supermarket Type1,980.0576
4001,NCO29,11.15,Low Fat,0.032321607999999995,Health and Hygiene,165.6526,OUT045,2002,,Tier 2,Supermarket Type1,1315.6208
4002,FDK22,9.8,Low Fat,0.026139403999999998,Snack Foods,216.785,OUT045,2002,,Tier 2,Supermarket Type1,1947.465
4017,FDM50,13.0,Regular,0.030150193,Canned,61.422,OUT045,2002,,Tier 2,Supermarket Type1,539.298
4018,FDF44,7.17,Regular,0.059849152999999995,Fruits and Vegetables,129.4968,OUT045,2002,,Tier 2,Supermarket Type1,3392.9168
4021,FDX49,4.615,Regular,0.102038294,Canned,231.93,OUT045,2002,,Tier 2,Supermarket Type1,2563.33
4039,FDG20,15.5,Regular,0.12594281599999999,Fruits and Vegetables,176.0028,OUT045,2002,,Tier 2,Supermarket Type1,1239.7196
4059,FDS35,9.3,Low Fat,0.11144608,Breads,64.6826,OUT045,2002,,Tier 2,Supermarket Type1,1097.9042
4064,FDO48,15.0,Regular,0.0268952,Baking Goods,220.3456,OUT045,2002,,Tier 2,Supermarket Type1,1989.4104
4068,DRE27,11.85,Low Fat,0.132939639,Dairy,98.0726,OUT045,2002,,Tier 2,Supermarket Type1,1761.7068
4080,FDJ52,7.145,Low Fat,0.017822936,Frozen Foods,161.3578,OUT045,2002,,Tier 2,Supermarket Type1,1123.2046
4084,FDY45,17.5,Low Fat,0.026195131,Snack Foods,252.6356,OUT045,2002,,Tier 2,Supermarket Type1,2543.356
4096,FDX08,12.85,Low Fat,0.022649892999999997,Fruits and Vegetables,179.3318,OUT045,2002,,Tier 2,Supermarket Type1,1263.0226
4102,FDT55,13.6,Regular,0.043743689,Fruits and Vegetables,157.7946,OUT045,2002,,Tier 2,Supermarket Type1,1104.5622
4113,NCY17,18.2,Low Fat,0.0,Health and Hygiene,44.1086,OUT045,2002,,Tier 2,Supermarket Type1,1115.215
4119,NCA06,20.5,Low Fat,0.143574191,Household,37.219,OUT045,2002,,Tier 2,Supermarket Type1,476.04699999999997
4120,FDP22,14.65,Regular,0.09933321699999999,Snack Foods,51.3666,OUT045,2002,,Tier 2,Supermarket Type1,1076.5986
4133,FDT27,11.395,Regular,0.069728296,Meat,233.9616,OUT045,2002,,Tier 2,Supermarket Type1,1406.1696
4134,NCW54,7.5,Low Fat,0.09660879,Household,56.9588,OUT045,2002,,Tier 2,Supermarket Type1,744.3644
4137,FDS59,14.8,Regular,0.043982464000000006,Breads,110.65700000000001,OUT045,2002,,Tier 2,Supermarket Type1,2966.139
4152,FDV03,17.6,Low Fat,0.058209079000000004,Meat,153.6314,OUT045,2002,,Tier 2,Supermarket Type1,5274.4676
4167,FDT40,5.985,Low Fat,0.095989602,Frozen Foods,127.3678,OUT045,2002,,Tier 2,Supermarket Type1,508.6712
4178,FDP11,15.85,Low Fat,0.069240685,Breads,217.5166,OUT045,2002,,Tier 2,Supermarket Type1,653.1498
4182,FDI33,16.5,Low Fat,0.028476451,Snack Foods,91.0146,OUT045,2002,,Tier 2,Supermarket Type1,1368.219
4185,FDO13,7.865,Low Fat,0.061183503,Breakfast,164.5526,OUT045,2002,,Tier 2,Supermarket Type1,1644.526
4201,FDI38,13.35,Regular,0.014656563999999999,Canned,208.5638,OUT045,2002,,Tier 2,Supermarket Type1,2277.7018
4206,DRI51,17.25,LF,0.0,Dairy,171.5764,OUT045,2002,,Tier 2,Supermarket Type1,4637.9628
4213,FDP28,13.65,Regular,0.080804019,Frozen Foods,261.1936,OUT045,2002,,Tier 2,Supermarket Type1,2348.9424
4217,DRK59,8.895,Low Fat,0.0,Hard Drinks,232.9616,OUT045,2002,,Tier 2,Supermarket Type1,2812.3392
4230,DRI23,18.85,Low Fat,0.13747519,Hard Drinks,158.6578,OUT045,2002,,Tier 2,Supermarket Type1,3369.6138
4236,FDI34,10.65,Regular,0.08530861099999999,Snack Foods,230.2668,OUT045,2002,,Tier 2,Supermarket Type1,5759.17
4241,DRJ25,14.6,Low Fat,0.15087286800000002,Soft Drinks,47.5692,OUT045,2002,,Tier 2,Supermarket Type1,1379.5376
4262,FDH20,16.1,Regular,0.024999711,Fruits and Vegetables,97.84100000000001,OUT045,2002,,Tier 2,Supermarket Type1,1255.0330000000001
4309,NCM31,6.095,Low Fat,0.081361288,Others,141.9154,OUT045,2002,,Tier 2,Supermarket Type1,2694.4926
4323,DRD37,9.8,Low Fat,0.013869808999999999,Soft Drinks,47.406000000000006,OUT045,2002,,Tier 2,Supermarket Type1,978.7260000000001
4328,FDL24,10.3,Regular,0.02494708,Baking Goods,172.3422,OUT045,2002,,Tier 2,Supermarket Type1,5690.5926
4332,FDR20,20.0,Regular,0.028180788999999998,Fruits and Vegetables,46.8744,OUT045,2002,,Tier 2,Supermarket Type1,905.488
4341,DRF03,19.1,Low Fat,0.045400017,Dairy,38.8138,OUT045,2002,,Tier 2,Supermarket Type1,690.4346
4345,FDB45,20.85,Low Fat,0.02137305,Fruits and Vegetables,103.3306,OUT045,2002,,Tier 2,Supermarket Type1,522.653
4351,FDR15,9.3,Regular,0.033505804,Meat,153.4314,OUT045,2002,,Tier 2,Supermarket Type1,2482.1024
4352,FDO38,17.25,Low Fat,0.072986772,Canned,78.8986,OUT045,2002,,Tier 2,Supermarket Type1,1635.8706
4363,FDM10,18.25,Low Fat,0.076125668,Snack Foods,214.0218,OUT045,2002,,Tier 2,Supermarket Type1,2564.6616
4365,DRJ49,6.865,Low Fat,0.014021626,Soft Drinks,127.1652,OUT045,2002,,Tier 2,Supermarket Type1,1291.652
4374,FDY27,6.38,Low Fat,0.031962866,Dairy,178.0344,OUT045,2002,,Tier 2,Supermarket Type1,535.3032
4405,NCQ43,17.75,Low Fat,0.11152734800000001,Others,110.2912,OUT045,2002,,Tier 2,Supermarket Type1,873.5296
4413,FDN56,5.46,Regular,0.107274301,Fruits and Vegetables,145.5786,OUT045,2002,,Tier 2,Supermarket Type1,3900.9222
4420,FDU40,20.85,Low Fat,0.03747983,Frozen Foods,192.7478,OUT045,2002,,Tier 2,Supermarket Type1,2131.2258
4423,NCV05,10.1,Low Fat,0.030269774,Health and Hygiene,152.4656,OUT045,2002,,Tier 2,Supermarket Type1,2934.8464
4433,FDR32,6.78,Regular,0.085981978,Fruits and Vegetables,228.4694,OUT045,2002,,Tier 2,Supermarket Type1,5480.8656
4435,FDH50,15.0,Regular,0.161762835,Canned,185.9266,OUT045,2002,,Tier 2,Supermarket Type1,2581.9724
4439,FDI27,8.71,Regular,0.046079575,Dairy,43.5744,OUT045,2002,,Tier 2,Supermarket Type1,407.4696
4446,DRG36,14.15,low fat,0.09557165,Soft Drinks,171.0106,OUT045,2002,,Tier 2,Supermarket Type1,4106.6544
4449,FDU46,10.3,Regular,0.011148865,Snack Foods,84.854,OUT045,2002,,Tier 2,Supermarket Type1,778.9860000000001
4463,FDI04,13.65,reg,0.073060301,Frozen Foods,196.2426,OUT045,2002,,Tier 2,Supermarket Type1,2570.6538
4479,NCK42,7.475,LF,0.013146636000000001,Household,214.5192,OUT045,2002,,Tier 2,Supermarket Type1,2804.3496
4480,FDU23,12.15,Low Fat,0.02176755,Breads,164.6184,OUT045,2002,,Tier 2,Supermarket Type1,3797.7232
4499,DRM59,5.88,Low Fat,0.003599378,Hard Drinks,152.2998,OUT045,2002,,Tier 2,Supermarket Type1,3075.9959999999996
4505,NCL29,9.695,Low Fat,0.11417050599999999,Health and Hygiene,158.9604,OUT045,2002,,Tier 2,Supermarket Type1,1743.0644
4513,FDT23,7.72,Regular,0.074883035,Breads,79.8986,OUT045,2002,,Tier 2,Supermarket Type1,1090.5804
4519,FDV60,20.2,Regular,0.117599259,Baking Goods,195.31099999999998,OUT045,2002,,Tier 2,Supermarket Type1,3338.987
4524,FDL09,19.6,Regular,0.12829573,Snack Foods,167.2816,OUT045,2002,,Tier 2,Supermarket Type1,2013.3792
4541,FDT60,12.0,Low Fat,0.075701524,Baking Goods,124.6388,OUT045,2002,,Tier 2,Supermarket Type1,2105.2596
4544,FDG57,14.7,Low Fat,0.072444983,Fruits and Vegetables,48.6034,OUT045,2002,,Tier 2,Supermarket Type1,194.4136
4553,DRL47,19.7,LF,0.038815341,Hard Drinks,124.2362,OUT045,2002,,Tier 2,Supermarket Type1,1887.543
4571,FDK24,9.195,Low Fat,0.101500374,Baking Goods,45.2744,OUT045,2002,,Tier 2,Supermarket Type1,679.1160000000001
4590,FDU13,8.355,Low Fat,0.18793900300000002,Canned,146.9418,OUT045,2002,,Tier 2,Supermarket Type1,1029.9926
4610,FDS43,11.65,Low Fat,0.040597054,Fruits and Vegetables,187.324,OUT045,2002,,Tier 2,Supermarket Type1,1864.24
4626,FDY37,17.0,Regular,0.026622757,Canned,144.247,OUT045,2002,,Tier 2,Supermarket Type1,3149.2340000000004
4664,FDE41,9.195,Regular,0.064143995,Frozen Foods,85.9566,OUT045,2002,,Tier 2,Supermarket Type1,1691.132
4668,FDQ55,13.65,Regular,0.013064516000000002,Fruits and Vegetables,115.5834,OUT045,2002,,Tier 2,Supermarket Type1,1382.2008
4672,FDV24,5.635,Low Fat,0.103481775,Baking Goods,150.005,OUT045,2002,,Tier 2,Supermarket Type1,1797.66
4677,FDV56,16.1,Regular,0.013623294,Fruits and Vegetables,109.3596,OUT045,2002,,Tier 2,Supermarket Type1,1186.4556
4682,NCS38,8.6,Low Fat,0.090374342,Household,114.3176,OUT045,2002,,Tier 2,Supermarket Type1,1946.7992
4684,FDY59,8.195,Low Fat,0.031467128,Baking Goods,91.8462,OUT045,2002,,Tier 2,Supermarket Type1,2313.655
4686,FDP60,17.35,Low Fat,0.056032247,Baking Goods,102.3016,OUT045,2002,,Tier 2,Supermarket Type1,1619.2256
4692,FDW45,18.0,Low Fat,0.039090105,Snack Foods,148.4418,OUT045,2002,,Tier 2,Supermarket Type1,4119.9704
4709,FDX34,6.195,Low Fat,0.072131519,Snack Foods,120.1098,OUT045,2002,,Tier 2,Supermarket Type1,2892.2352
4710,FDX55,15.1,Low Fat,0.0,Fruits and Vegetables,216.4166,OUT045,2002,,Tier 2,Supermarket Type1,2830.3158
4711,NCS05,11.5,Low Fat,0.021020616000000002,Health and Hygiene,130.7942,OUT045,2002,,Tier 2,Supermarket Type1,2782.3782
4716,FDB33,17.75,Low Fat,0.014609738,Fruits and Vegetables,160.4262,OUT045,2002,,Tier 2,Supermarket Type1,3182.5240000000003
4722,NCL07,13.85,Low Fat,0.031402114,Others,40.248000000000005,OUT045,2002,,Tier 2,Supermarket Type1,319.584
4737,NCV54,11.1,Low Fat,0.033176087,Household,120.1124,OUT045,2002,,Tier 2,Supermarket Type1,1896.1984
4754,FDV52,20.7,Regular,0.12176716800000001,Frozen Foods,118.9466,OUT045,2002,,Tier 2,Supermarket Type1,353.5398
4763,FDF39,14.85,Regular,0.019550858,Dairy,263.791,OUT045,2002,,Tier 2,Supermarket Type1,4207.856
4768,FDQ34,10.85,Low Fat,0.162571649,Snack Foods,107.4622,OUT045,2002,,Tier 2,Supermarket Type1,529.311
4774,NCK30,14.85,Low Fat,0.061102235,Household,253.2698,OUT045,2002,,Tier 2,Supermarket Type1,2283.0282
4786,FDD26,8.71,Regular,0.072301795,Canned,185.6924,OUT045,2002,,Tier 2,Supermarket Type1,3331.6632
4788,FDO37,8.06,Low Fat,0.021420031000000003,Breakfast,232.0326,OUT045,2002,,Tier 2,Supermarket Type1,3003.4238
4795,FDQ09,7.235,Low Fat,0.0,Snack Foods,115.1834,OUT045,2002,,Tier 2,Supermarket Type1,1382.2008
4799,FDH45,15.1,Regular,0.105881129,Fruits and Vegetables,42.0796,OUT045,2002,,Tier 2,Supermarket Type1,454.0756
4810,FDD05,19.35,Low Fat,0.016645164,Frozen Foods,120.9098,OUT045,2002,,Tier 2,Supermarket Type1,1687.1372
4811,FDZ39,19.7,Regular,0.018061324,Meat,102.59899999999999,OUT045,2002,,Tier 2,Supermarket Type1,2063.98
4816,FDQ10,12.85,Low Fat,0.03324652,Snack Foods,172.4422,OUT045,2002,,Tier 2,Supermarket Type1,4483.4972
4824,FDF04,17.5,Low Fat,0.013664703,Frozen Foods,257.7304,OUT045,2002,,Tier 2,Supermarket Type1,5683.2688
4831,NCY42,6.38,Low Fat,0.015193323,Household,143.347,OUT045,2002,,Tier 2,Supermarket Type1,858.882
4838,NCU17,5.32,Low Fat,0.093071679,Health and Hygiene,103.8674,OUT045,2002,,Tier 2,Supermarket Type1,509.337
4852,FDF22,6.865,Low Fat,0.056945935999999996,Snack Foods,214.6218,OUT045,2002,,Tier 2,Supermarket Type1,1923.4962
4853,FDH21,10.395,Low Fat,0.031288338,Seafood,159.5604,OUT045,2002,,Tier 2,Supermarket Type1,2852.2872
4860,FDP57,17.5,Low Fat,0.052550476,Snack Foods,101.29899999999999,OUT045,2002,,Tier 2,Supermarket Type1,722.393
4872,FDO39,6.985,Regular,0.137645467,Meat,185.2608,OUT045,2002,,Tier 2,Supermarket Type1,2940.1728
4879,NCX41,19.0,Low Fat,0.017755213,Health and Hygiene,211.7244,OUT045,2002,,Tier 2,Supermarket Type1,2752.4172
4880,FDQ36,7.855,Regular,0.161875063,Baking Goods,35.6848,OUT045,2002,,Tier 2,Supermarket Type1,335.5632
4885,FDE14,13.65,Regular,0.031508924,Canned,98.77,OUT045,2002,,Tier 2,Supermarket Type1,1697.79
4894,FDJ45,17.75,low fat,0.073559521,Seafood,33.9216,OUT045,2002,,Tier 2,Supermarket Type1,830.9184
4896,FDV44,8.365,Regular,0.039925235,Fruits and Vegetables,189.2188,OUT045,2002,,Tier 2,Supermarket Type1,4570.0512
4912,FDV57,15.25,Regular,0.0,Snack Foods,178.166,OUT045,2002,,Tier 2,Supermarket Type1,4853.682
4927,FDE40,15.6,Regular,0.099344826,Dairy,63.6194,OUT045,2002,,Tier 2,Supermarket Type1,743.0328
4931,NCS53,14.5,Low Fat,0.08996026,Health and Hygiene,159.5604,OUT045,2002,,Tier 2,Supermarket Type1,1426.1436
4933,DRM35,9.695,LF,0.070587419,Hard Drinks,176.9344,OUT045,2002,,Tier 2,Supermarket Type1,5888.3352
4956,FDF11,10.195,Regular,0.017666978,Starchy Foods,239.4538,OUT045,2002,,Tier 2,Supermarket Type1,4566.7222
4970,FDN16,12.6,Regular,0.06282744700000001,Frozen Foods,105.09899999999999,OUT045,2002,,Tier 2,Supermarket Type1,1444.786
4975,FDT19,7.59,Regular,0.145335007,Fruits and Vegetables,173.108,OUT045,2002,,Tier 2,Supermarket Type1,2077.2960000000003
4982,FDK56,9.695,Low Fat,0.130261652,Fruits and Vegetables,185.2898,OUT045,2002,,Tier 2,Supermarket Type1,3367.6164
4995,FDT07,5.82,Regular,0.07747588400000001,Fruits and Vegetables,255.333,OUT045,2002,,Tier 2,Supermarket Type1,4870.327
5006,NCE07,8.18,Low Fat,0.0,Household,140.5154,OUT045,2002,,Tier 2,Supermarket Type1,1701.7848
5017,DRD49,9.895,Low Fat,0.16817143,Soft Drinks,237.7564,OUT045,2002,,Tier 2,Supermarket Type1,3813.7024
5029,DRC01,5.92,Regular,0.019238942,Soft Drinks,49.8692,OUT045,2002,,Tier 2,Supermarket Type1,1133.1916
5030,FDL57,15.1,Regular,0.067212845,Snack Foods,260.2304,OUT045,2002,,Tier 2,Supermarket Type1,4908.2776
5041,FDG05,11.0,Regular,0.088025298,Frozen Foods,158.063,OUT045,2002,,Tier 2,Supermarket Type1,2659.8709999999996
5049,DRJ59,11.65,Low Fat,0.01941154,Hard Drinks,40.3164,OUT045,2002,,Tier 2,Supermarket Type1,502.0132
5051,FDF17,5.19,Low Fat,0.042707323,Frozen Foods,197.81099999999998,OUT045,2002,,Tier 2,Supermarket Type1,2946.165
5085,FDW34,9.6,Low Fat,0.035651291,Snack Foods,244.917,OUT045,2002,,Tier 2,Supermarket Type1,2916.204
5089,FDT59,13.65,Low Fat,0.015943701,Breads,231.9668,OUT045,2002,,Tier 2,Supermarket Type1,3225.1352
5091,NCS06,7.935,Low Fat,0.031801103,Household,261.591,OUT045,2002,,Tier 2,Supermarket Type1,3155.8920000000003
5096,FDC20,10.65,Low Fat,0.024020077999999997,Fruits and Vegetables,57.2272,OUT045,2002,,Tier 2,Supermarket Type1,1174.4712
5109,FDE26,9.3,Low Fat,0.089186275,Canned,145.3786,OUT045,2002,,Tier 2,Supermarket Type1,2745.0934
5156,NCX05,15.2,Low Fat,0.09725893699999999,Health and Hygiene,114.8492,OUT045,2002,,Tier 2,Supermarket Type1,1506.0396
5166,FDC52,11.15,Regular,0.008296692,Dairy,150.6708,OUT045,2002,,Tier 2,Supermarket Type1,2106.5912
5201,FDC34,16.0,Regular,0.173109453,Snack Foods,155.2972,OUT045,2002,,Tier 2,Supermarket Type1,3894.93
5222,FDD41,6.765,Regular,0.087437069,Frozen Foods,106.1306,OUT045,2002,,Tier 2,Supermarket Type1,1672.4896
5233,NCS18,12.65,Low Fat,0.042296724,Household,106.3938,OUT045,2002,,Tier 2,Supermarket Type1,3751.783
5234,NCE54,20.7,Low Fat,0.02695441,Household,73.2354,OUT045,2002,,Tier 2,Supermarket Type1,1504.7079999999999
5235,FDB50,13.0,Low Fat,0.153930108,Canned,76.7986,OUT045,2002,,Tier 2,Supermarket Type1,2648.5524
5236,FDZ20,16.1,Low Fat,0.034376537,Fruits and Vegetables,256.1356,OUT045,2002,,Tier 2,Supermarket Type1,6358.39
5237,FDB11,16.0,Low Fat,0.060971431,Starchy Foods,226.2404,OUT045,2002,,Tier 2,Supermarket Type1,4725.8484
5271,NCZ41,19.85,Low Fat,0.064551885,Health and Hygiene,125.2704,OUT045,2002,,Tier 2,Supermarket Type1,2127.8968
5280,FDC50,15.85,Low Fat,0.136774734,Canned,94.4094,OUT045,2002,,Tier 2,Supermarket Type1,1428.141
5308,DRD12,6.96,Low Fat,0.077350112,Soft Drinks,91.4146,OUT045,2002,,Tier 2,Supermarket Type1,638.5022
5311,FDP23,6.71,Low Fat,0.03565903,Breads,218.3166,OUT045,2002,,Tier 2,Supermarket Type1,1959.4494
5318,FDW23,5.765,Low Fat,0.082178616,Baking Goods,37.0164,OUT045,2002,,Tier 2,Supermarket Type1,540.6296
5326,FDD33,12.85,Low Fat,0.108412059,Fruits and Vegetables,233.2642,OUT045,2002,,Tier 2,Supermarket Type1,3950.1914
5334,FDI32,17.7,Low Fat,0.0,Fruits and Vegetables,115.0834,OUT045,2002,,Tier 2,Supermarket Type1,2764.4016
5339,FDK55,18.5,Low Fat,0.025813943,Meat,89.1172,OUT045,2002,,Tier 2,Supermarket Type1,892.172
5345,FDY31,5.98,Low Fat,0.043651197999999995,Fruits and Vegetables,146.1418,OUT045,2002,,Tier 2,Supermarket Type1,3089.9778
5362,FDZ48,17.75,Low Fat,0.076113671,Baking Goods,111.4544,OUT045,2002,,Tier 2,Supermarket Type1,1006.6896
5363,FDY48,14.0,Low Fat,0.023783007000000002,Baking Goods,104.0332,OUT045,2002,,Tier 2,Supermarket Type1,1435.4648
5375,FDM44,12.5,low fat,0.031112643,Fruits and Vegetables,104.999,OUT045,2002,,Tier 2,Supermarket Type1,1444.786
5381,NCS30,5.945,Low Fat,0.093214866,Household,129.1652,OUT045,2002,,Tier 2,Supermarket Type1,2841.6344
5389,FDA04,11.3,Regular,0.066865326,Frozen Foods,260.1962,OUT045,2002,,Tier 2,Supermarket Type1,2848.9582
5390,NCQ53,17.6,Low Fat,0.018943666,Health and Hygiene,237.359,OUT045,2002,,Tier 2,Supermarket Type1,6145.334
5393,FDT03,21.25,Low Fat,0.01001904,Meat,184.6608,OUT045,2002,,Tier 2,Supermarket Type1,367.5216
5398,FDK40,7.035,Low Fat,0.02189371,Frozen Foods,262.791,OUT045,2002,,Tier 2,Supermarket Type1,3681.8740000000003
5402,FDT24,12.35,Regular,0.18623623600000003,Baking Goods,78.7328,OUT045,2002,,Tier 2,Supermarket Type1,1390.1904
5405,NCN05,8.235,Low Fat,0.014488997,Health and Hygiene,183.795,OUT045,2002,,Tier 2,Supermarket Type1,2929.52
5406,FDR58,6.675,Low Fat,0.04200648,Snack Foods,92.6462,OUT045,2002,,Tier 2,Supermarket Type1,1665.8316
5410,FDH56,9.8,Regular,0.063946629,Fruits and Vegetables,116.6492,OUT045,2002,,Tier 2,Supermarket Type1,2316.984
5423,FDD14,20.7,Low Fat,0.170152831,Canned,182.6266,OUT045,2002,,Tier 2,Supermarket Type1,2581.9724
5428,FDT47,5.26,Regular,0.02455854,Breads,95.6068,OUT045,2002,,Tier 2,Supermarket Type1,2332.9632
5430,FDB27,7.575,Low Fat,0.05550245400000001,Dairy,196.5768,OUT045,2002,,Tier 2,Supermarket Type1,1576.6144
5440,FDS13,6.465,Low Fat,0.124758619,Canned,264.1884,OUT045,2002,,Tier 2,Supermarket Type1,3444.8492
5451,FDD45,8.615,Low Fat,0.116484721,Fruits and Vegetables,94.1436,OUT045,2002,,Tier 2,Supermarket Type1,1134.5232
5452,FDG50,7.405,Low Fat,0.015302763999999998,Canned,89.9146,OUT045,2002,,Tier 2,Supermarket Type1,2189.1504
5457,NCO42,21.25,Low Fat,0.024705597000000003,Household,145.1102,OUT045,2002,,Tier 2,Supermarket Type1,1603.9122
5477,FDH02,7.27,Regular,0.020823289,Canned,92.4488,OUT045,2002,,Tier 2,Supermarket Type1,996.0368
5480,FDB56,8.75,Regular,0.074778547,Fruits and Vegetables,186.3556,OUT045,2002,,Tier 2,Supermarket Type1,3567.3564
5481,NCK54,12.15,Low Fat,0.029583249,Household,114.715,OUT045,2002,,Tier 2,Supermarket Type1,1048.635
5489,FDS52,8.89,Low Fat,0.005485618,Frozen Foods,99.3016,OUT045,2002,,Tier 2,Supermarket Type1,607.2096
5490,FDB14,20.25,Regular,0.10293224599999999,Canned,93.212,OUT045,2002,,Tier 2,Supermarket Type1,1304.968
5501,NCK07,10.65,Low Fat,0.048785427,Others,163.9526,OUT045,2002,,Tier 2,Supermarket Type1,1644.526
5503,FDL36,15.1,Low Fat,0.076229769,Baking Goods,90.48299999999999,OUT045,2002,,Tier 2,Supermarket Type1,1617.894
5508,NCT41,15.7,Low Fat,0.05610384,Health and Hygiene,153.5024,OUT045,2002,,Tier 2,Supermarket Type1,2580.6408
5522,FDH33,12.85,Low Fat,0.121972274,Snack Foods,43.1428,OUT045,2002,,Tier 2,Supermarket Type1,703.0848
5533,FDZ45,14.1,Low Fat,0.067011609,Snack Foods,197.1084,OUT045,2002,,Tier 2,Supermarket Type1,2182.4924
5539,FDF45,18.2,reg,0.012229463999999999,Fruits and Vegetables,56.8904,OUT045,2002,,Tier 2,Supermarket Type1,1406.1696
5545,DRH01,17.5,Low Fat,0.098102581,Soft Drinks,172.9738,OUT045,2002,,Tier 2,Supermarket Type1,4344.345
5565,FDQ03,15.0,Regular,0.078172471,Meat,238.8248,OUT045,2002,,Tier 2,Supermarket Type1,3555.3720000000003
5566,DRK35,8.365,Low Fat,0.071992202,Hard Drinks,38.3506,OUT045,2002,,Tier 2,Supermarket Type1,986.7156
5567,FDZ32,7.785,Regular,0.038210084,Fruits and Vegetables,103.8964,OUT045,2002,,Tier 2,Supermarket Type1,946.7676
5575,FDS33,6.67,Regular,0.12367891,Snack Foods,88.9514,OUT045,2002,,Tier 2,Supermarket Type1,885.5139999999999
5586,NCA17,20.6,Low Fat,0.04551031,Health and Hygiene,149.6392,OUT045,2002,,Tier 2,Supermarket Type1,894.8352
5588,FDI26,5.94,Low Fat,0.03495749,Canned,177.1344,OUT045,2002,,Tier 2,Supermarket Type1,2854.9504
5589,FDT50,6.75,Regular,0.10845849800000001,Dairy,96.9752,OUT045,2002,,Tier 2,Supermarket Type1,958.752
5596,FDU57,8.27,Regular,0.089735804,Snack Foods,148.7708,OUT045,2002,,Tier 2,Supermarket Type1,2708.4744
5610,FDE23,17.6,Regular,0.053288857,Starchy Foods,47.306000000000004,OUT045,2002,,Tier 2,Supermarket Type1,605.878
5611,FDI08,18.2,reg,0.066431507,Fruits and Vegetables,250.1092,OUT045,2002,,Tier 2,Supermarket Type1,4233.1564
5626,FDC44,15.6,Low Fat,0.172946916,Fruits and Vegetables,114.1518,OUT045,2002,,Tier 2,Supermarket Type1,1821.6288
5630,FDP49,9.0,Regular,0.069229076,Breakfast,55.9614,OUT045,2002,,Tier 2,Supermarket Type1,386.8298
5631,FDX59,10.195,Low Fat,0.051766042000000005,Breads,34.5558,OUT045,2002,,Tier 2,Supermarket Type1,441.4254
5646,FDR33,7.31,Low Fat,0.026843265,Snack Foods,109.757,OUT045,2002,,Tier 2,Supermarket Type1,1208.427
5652,FDV10,7.645,Regular,0.0,Snack Foods,41.7112,OUT045,2002,,Tier 2,Supermarket Type1,852.2239999999999
5653,NCB30,14.6,Low Fat,0.02575512,Household,199.6084,OUT045,2002,,Tier 2,Supermarket Type1,3769.7596
5655,FDB22,8.02,Low Fat,0.111666665,Snack Foods,155.2998,OUT045,2002,,Tier 2,Supermarket Type1,1230.3984
5657,FDK14,6.98,Low Fat,0.041189152,Canned,82.8934,OUT045,2002,,Tier 2,Supermarket Type1,818.934
5661,FDS01,11.6,Low Fat,0.017780986000000002,Canned,177.3686,OUT045,2002,,Tier 2,Supermarket Type1,1777.6860000000001
5683,FDX16,17.85,Low Fat,0.06594351,Frozen Foods,149.105,OUT045,2002,,Tier 2,Supermarket Type1,4643.955
5691,FDN38,6.615,Regular,0.09215837699999999,Canned,251.1408,OUT045,2002,,Tier 2,Supermarket Type1,3254.4304
5692,FDW47,15.0,Low Fat,0.046469277,Breads,123.8414,OUT045,2002,,Tier 2,Supermarket Type1,1340.2554
5695,DRH23,14.65,Low Fat,0.17066366100000002,Hard Drinks,56.4614,OUT045,2002,,Tier 2,Supermarket Type1,1436.7964
5696,FDX01,10.1,Low Fat,0.024213342000000002,Canned,116.715,OUT045,2002,,Tier 2,Supermarket Type1,1281.665
5710,FDO34,17.7,Low Fat,0.029999652999999998,Snack Foods,169.7816,OUT045,2002,,Tier 2,Supermarket Type1,2013.3792
5716,NCP42,8.51,Low Fat,0.016143388999999998,Household,194.2478,OUT045,2002,,Tier 2,Supermarket Type1,2324.9736
5723,FDS28,8.18,Regular,0.082568705,Frozen Foods,56.1588,OUT045,2002,,Tier 2,Supermarket Type1,458.0704
5753,FDM15,11.8,Regular,0.057538034,Meat,149.8366,OUT045,2002,,Tier 2,Supermarket Type1,1662.5026
5756,DRN11,7.85,Low Fat,0.163310805,Hard Drinks,143.5444,OUT045,2002,,Tier 2,Supermarket Type1,3628.61
5758,FDU50,5.75,Regular,0.075322658,Dairy,116.3176,OUT045,2002,,Tier 2,Supermarket Type1,2519.3872
5770,FDU47,12.8,Regular,0.114085368,Breads,141.3838,OUT045,2002,,Tier 2,Supermarket Type1,2388.2246
5777,FDX04,19.6,Regular,0.041655865,Frozen Foods,48.5376,OUT045,2002,,Tier 2,Supermarket Type1,335.5632
5794,FDI09,20.75,Regular,0.0,Seafood,239.988,OUT045,2002,,Tier 2,Supermarket Type1,2636.5679999999998
5813,FDY16,18.35,Regular,0.092413792,Frozen Foods,183.6266,OUT045,2002,,Tier 2,Supermarket Type1,1844.266
5818,NCL19,15.35,Low Fat,0.015708023,Others,143.447,OUT045,2002,,Tier 2,Supermarket Type1,2576.646
5820,DRH25,18.7,Low Fat,0.014622625,Soft Drinks,52.0324,OUT045,2002,,Tier 2,Supermarket Type1,1090.5804
5841,NCL53,7.5,Low Fat,0.036308404,Health and Hygiene,175.4028,OUT045,2002,,Tier 2,Supermarket Type1,2833.6448
5848,FDE24,14.85,Low Fat,0.09365216800000001,Baking Goods,141.5812,OUT045,2002,,Tier 2,Supermarket Type1,427.4436
5864,FDV32,7.785,LF,0.088888291,Fruits and Vegetables,64.751,OUT045,2002,,Tier 2,Supermarket Type1,1201.769
5912,FDL21,15.85,Regular,0.0071609080000000006,Snack Foods,39.348,OUT045,2002,,Tier 2,Supermarket Type1,719.064
5929,NCU30,5.11,Low Fat,0.034945416,Household,161.121,OUT045,2002,,Tier 2,Supermarket Type1,2609.936
5950,FDS16,15.15,Regular,0.066311153,Frozen Foods,145.776,OUT045,2002,,Tier 2,Supermarket Type1,3954.8520000000003
5964,FDH26,19.25,Regular,0.034770109,Canned,141.9496,OUT045,2002,,Tier 2,Supermarket Type1,988.0472
5971,FDZ40,8.935,Low Fat,0.04026424,Frozen Foods,52.6298,OUT045,2002,,Tier 2,Supermarket Type1,808.947
5976,FDF09,6.215,Low Fat,0.012173543,Fruits and Vegetables,36.4848,OUT045,2002,,Tier 2,Supermarket Type1,447.4176
5989,NCJ30,5.82,Low Fat,0.080804019,Household,171.479,OUT045,2002,,Tier 2,Supermarket Type1,4074.696
5997,FDJ32,10.695,Low Fat,0.057909547,Fruits and Vegetables,60.4536,OUT045,2002,,Tier 2,Supermarket Type1,183.7608
6005,FDS45,5.175,Regular,0.029555772999999997,Snack Foods,105.9622,OUT045,2002,,Tier 2,Supermarket Type1,1693.7952
6010,FDT49,7.0,Low Fat,0.15171264199999998,Canned,104.82799999999999,OUT045,2002,,Tier 2,Supermarket Type1,1278.336
6033,FDB41,19.0,Regular,0.097510482,Frozen Foods,48.1718,OUT045,2002,,Tier 2,Supermarket Type1,709.077
6054,NCA18,10.1,Low Fat,0.056191301,Household,115.7492,OUT045,2002,,Tier 2,Supermarket Type1,579.246
6078,FDE21,12.8,Low Fat,0.02299122,Fruits and Vegetables,114.9492,OUT045,2002,,Tier 2,Supermarket Type1,1737.7379999999998
6083,FDW44,9.5,Regular,0.035222502999999995,Fruits and Vegetables,170.1448,OUT045,2002,,Tier 2,Supermarket Type1,1874.8928
6087,FDP10,19.0,Low Fat,0.128349909,Snack Foods,106.5622,OUT045,2002,,Tier 2,Supermarket Type1,1482.0708
6101,FDA45,21.25,Low Fat,0.155694794,Snack Foods,177.637,OUT045,2002,,Tier 2,Supermarket Type1,2999.429
6108,NCI06,11.3,Low Fat,0.047814463,Household,179.266,OUT045,2002,,Tier 2,Supermarket Type1,5033.448
6130,FDA31,7.1,Low Fat,0.11023479300000001,Fruits and Vegetables,171.708,OUT045,2002,,Tier 2,Supermarket Type1,3115.9440000000004
6133,FDV26,20.25,Regular,0.076314907,Dairy,196.7794,OUT045,2002,,Tier 2,Supermarket Type1,2731.1116
6163,FDN15,17.5,Low Fat,0.016767995,Meat,141.418,OUT045,2002,,Tier 2,Supermarket Type1,1957.4520000000002
6172,FDV38,19.25,LF,0.101980245,Dairy,54.3956,OUT045,2002,,Tier 2,Supermarket Type1,873.5296
6177,FDY13,12.1,Low Fat,0.030188505,Canned,77.367,OUT045,2002,,Tier 2,Supermarket Type1,612.536
6178,FDP56,8.185,low fat,0.046578409,Fruits and Vegetables,48.6692,OUT045,2002,,Tier 2,Supermarket Type1,1182.4608
6201,DRJ11,9.5,Low Fat,0.0,Hard Drinks,190.9872,OUT045,2002,,Tier 2,Supermarket Type1,3025.3952
6206,NCN54,20.35,Low Fat,0.021369722,Household,75.8328,OUT045,2002,,Tier 2,Supermarket Type1,154.4656
6217,NCK19,9.8,Low Fat,0.09064910699999999,Others,194.3478,OUT045,2002,,Tier 2,Supermarket Type1,4649.9472
6218,NCQ05,11.395,Low Fat,0.021649903999999998,Health and Hygiene,150.8708,OUT045,2002,,Tier 2,Supermarket Type1,4363.6532
6224,FDW59,13.15,Low Fat,0.020757926,Breads,84.3566,OUT045,2002,,Tier 2,Supermarket Type1,761.0094
6225,NCB18,19.6,LF,0.041374909,Household,89.2514,OUT045,2002,,Tier 2,Supermarket Type1,1416.8224
6230,FDG46,8.63,Regular,0.032976398999999997,Snack Foods,114.6518,OUT045,2002,,Tier 2,Supermarket Type1,2846.295
6235,NCU53,5.485,Low Fat,0.042838514,Health and Hygiene,163.7842,OUT045,2002,,Tier 2,Supermarket Type1,1657.842
6239,FDX40,12.85,Low Fat,0.099193899,Frozen Foods,38.1164,OUT045,2002,,Tier 2,Supermarket Type1,656.4788
6253,FDD09,13.5,Low Fat,0.021539999,Fruits and Vegetables,182.4976,OUT045,2002,,Tier 2,Supermarket Type1,1629.8784
6254,FDZ25,15.7,Regular,0.027673055,Canned,169.27900000000002,OUT045,2002,,Tier 2,Supermarket Type1,3735.138
6274,FDJ10,5.095,Regular,0.129766301,Snack Foods,141.6838,OUT045,2002,,Tier 2,Supermarket Type1,3231.1274
6288,DRH13,8.575,Low Fat,0.023934398,Soft Drinks,105.82799999999999,OUT045,2002,,Tier 2,Supermarket Type1,958.752
6292,FDR27,15.1,Regular,0.096295326,Meat,133.4942,OUT045,2002,,Tier 2,Supermarket Type1,1457.4362
6302,FDN12,15.6,Low Fat,0.08126841,Baking Goods,110.2544,OUT045,2002,,Tier 2,Supermarket Type1,1789.6704
6307,NCH07,13.15,Low Fat,0.09285496300000001,Household,158.7604,OUT045,2002,,Tier 2,Supermarket Type1,3010.7476
6328,FDX21,7.05,Low Fat,0.08513833400000001,Snack Foods,108.6912,OUT045,2002,,Tier 2,Supermarket Type1,1310.2944
6339,FDC28,7.905,Low Fat,0.055098434,Frozen Foods,109.2254,OUT045,2002,,Tier 2,Supermarket Type1,976.7286
6342,NCS54,13.6,Low Fat,0.010013429,Household,176.437,OUT045,2002,,Tier 2,Supermarket Type1,4587.362
6350,NCL55,12.15,Low Fat,0.06479182,Others,254.00400000000002,OUT045,2002,,Tier 2,Supermarket Type1,2277.036
6366,NCI30,20.25,Low Fat,0.059055045,Household,247.34599999999998,OUT045,2002,,Tier 2,Supermarket Type1,1970.7679999999998
6377,FDZ02,6.905,Regular,0.03822479,Dairy,99.8726,OUT045,2002,,Tier 2,Supermarket Type1,587.2356
6380,FDG09,20.6,Regular,0.0480335,Fruits and Vegetables,188.2556,OUT045,2002,,Tier 2,Supermarket Type1,3755.112
6393,FDD10,20.6,Regular,0.046114018,Snack Foods,178.2344,OUT045,2002,,Tier 2,Supermarket Type1,1070.6064
6430,FDX51,9.5,Regular,0.02210346,Meat,194.7452,OUT045,2002,,Tier 2,Supermarket Type1,1370.2164
6449,FDN60,15.1,Low Fat,0.095351065,Baking Goods,158.6604,OUT045,2002,,Tier 2,Supermarket Type1,2535.3664
6459,FDH60,19.7,Regular,0.0,Baking Goods,197.91099999999997,OUT045,2002,,Tier 2,Supermarket Type1,1767.6989999999998
6460,DRL60,8.52,Low Fat,0.027114238,Soft Drinks,151.9682,OUT045,2002,,Tier 2,Supermarket Type1,1677.1502
6471,FDB52,17.75,low fat,0.030497325,Dairy,256.9672,OUT045,2002,,Tier 2,Supermarket Type1,1534.0032
6476,FDT26,18.85,Regular,0.068091318,Dairy,120.64399999999999,OUT045,2002,,Tier 2,Supermarket Type1,3475.4759999999997
6499,FDW13,8.5,Low Fat,0.09808323099999999,Canned,50.3324,OUT045,2002,,Tier 2,Supermarket Type1,675.1212
6507,FDA13,15.85,Low Fat,0.07871426,Canned,37.2506,OUT045,2002,,Tier 2,Supermarket Type1,493.3578
6527,DRH11,5.98,LF,0.075711199,Hard Drinks,55.6614,OUT045,2002,,Tier 2,Supermarket Type1,331.5684
6546,FDJ44,12.3,Regular,0.10654288599999999,Fruits and Vegetables,173.2396,OUT045,2002,,Tier 2,Supermarket Type1,3139.9128
6552,FDA07,7.55,Regular,0.031007381,Fruits and Vegetables,123.4072,OUT045,2002,,Tier 2,Supermarket Type1,2082.6224
6570,FDP24,20.6,Low Fat,0.083172413,Baking Goods,121.0756,OUT045,2002,,Tier 2,Supermarket Type1,1696.4584
6574,FDT34,9.3,Low Fat,0.174703862,Snack Foods,104.0964,OUT045,2002,,Tier 2,Supermarket Type1,1788.3388
6588,FDN24,14.1,Low Fat,0.11349714,Baking Goods,56.1956,OUT045,2002,,Tier 2,Supermarket Type1,1364.89
6596,NCM29,11.5,Low Fat,0.017678008000000002,Health and Hygiene,129.2626,OUT045,2002,,Tier 2,Supermarket Type1,1705.1138
6601,FDE53,10.895,Low Fat,0.026934673,Frozen Foods,106.12799999999999,OUT045,2002,,Tier 2,Supermarket Type1,319.584
6602,DRK11,8.21,Low Fat,0.0,Hard Drinks,148.2392,OUT045,2002,,Tier 2,Supermarket Type1,1491.392
6617,FDL38,13.8,Regular,0.014762987,Canned,90.7172,OUT045,2002,,Tier 2,Supermarket Type1,1338.2579999999998
6620,NCB42,11.8,LF,0.008578539,Health and Hygiene,117.6492,OUT045,2002,,Tier 2,Supermarket Type1,1158.492
6629,FDT39,6.26,Regular,0.009887927,Meat,150.7366,OUT045,2002,,Tier 2,Supermarket Type1,2418.1856
6642,NCN29,15.2,Low Fat,0.012141036000000001,Health and Hygiene,48.7034,OUT045,2002,,Tier 2,Supermarket Type1,680.4476
6650,FDC59,16.7,Regular,0.054739692,Starchy Foods,65.7168,OUT045,2002,,Tier 2,Supermarket Type1,1086.5856
6664,FDC22,6.89,Regular,0.136705075,Snack Foods,194.882,OUT045,2002,,Tier 2,Supermarket Type1,4440.8859999999995
6672,FDU58,6.61,Regular,0.0,Snack Foods,186.4898,OUT045,2002,,Tier 2,Supermarket Type1,2993.4368
6695,DRC25,5.73,Low Fat,0.045463870999999996,Soft Drinks,85.2882,OUT045,2002,,Tier 2,Supermarket Type1,2061.3168
6698,FDJ50,8.645,Low Fat,0.021629781,Canned,51.9982,OUT045,2002,,Tier 2,Supermarket Type1,999.3658
6701,FDD58,7.76,LF,0.059472609,Snack Foods,98.77,OUT045,2002,,Tier 2,Supermarket Type1,1298.31
6706,NCO26,7.235,Low Fat,0.077011493,Household,117.3492,OUT045,2002,,Tier 2,Supermarket Type1,1506.0396
6712,FDX32,15.1,Regular,0.100060762,Fruits and Vegetables,144.0786,OUT045,2002,,Tier 2,Supermarket Type1,2600.6148
6716,NCZ17,12.15,Low Fat,0.079592733,Health and Hygiene,37.3506,OUT045,2002,,Tier 2,Supermarket Type1,645.1602
6722,FDT37,14.15,Low Fat,0.0,Canned,253.7014,OUT045,2002,,Tier 2,Supermarket Type1,5865.0322
6724,FDM45,8.655,Regular,0.088373591,Snack Foods,119.3756,OUT045,2002,,Tier 2,Supermarket Type1,1454.1072
6797,FDA25,16.5,Regular,0.068263916,Canned,104.79899999999999,OUT045,2002,,Tier 2,Supermarket Type1,1238.388
6818,NCJ54,9.895,Low Fat,0.060188932,Household,233.0642,OUT045,2002,,Tier 2,Supermarket Type1,6041.4692
6839,NCL31,7.39,Low Fat,0.12052492199999999,Others,142.247,OUT045,2002,,Tier 2,Supermarket Type1,2433.499
6843,FDH47,13.5,reg,0.129077455,Starchy Foods,95.2068,OUT045,2002,,Tier 2,Supermarket Type1,583.2408
6856,FDQ12,12.65,Low Fat,0.035482562,Baking Goods,231.40099999999998,OUT045,2002,,Tier 2,Supermarket Type1,2526.7110000000002
6864,FDA32,14.0,Low Fat,0.030155223999999998,Fruits and Vegetables,214.7192,OUT045,2002,,Tier 2,Supermarket Type1,3020.0688
6867,FDQ20,8.325,Low Fat,0.029845242999999997,Fruits and Vegetables,41.6138,OUT045,2002,,Tier 2,Supermarket Type1,284.2966
6876,FDA21,13.65,Low Fat,0.036033639,Snack Foods,183.7924,OUT045,2002,,Tier 2,Supermarket Type1,2591.2936
6890,FDD46,6.035,LF,0.141542481,Snack Foods,153.1998,OUT045,2002,,Tier 2,Supermarket Type1,1537.9979999999998
6892,NCF55,6.675,LF,0.021710275,Household,34.9874,OUT045,2002,,Tier 2,Supermarket Type1,247.0118
6899,FDX52,11.5,Regular,0.042087749,Frozen Foods,192.68200000000002,OUT045,2002,,Tier 2,Supermarket Type1,3861.64
6902,FDY21,15.1,Low Fat,0.17383312899999998,Snack Foods,196.511,OUT045,2002,,Tier 2,Supermarket Type1,4713.8640000000005
6914,FDA56,9.21,Low Fat,0.008782561,Fruits and Vegetables,119.8414,OUT045,2002,,Tier 2,Supermarket Type1,1340.2554
6920,NCA53,11.395,Low Fat,0.009898492,Health and Hygiene,48.8034,OUT045,2002,,Tier 2,Supermarket Type1,777.6544
6939,FDV40,17.35,Low Fat,0.014721578999999999,Frozen Foods,73.1038,OUT045,2002,,Tier 2,Supermarket Type1,886.8456
6943,FDG34,11.5,Regular,0.037646623,Snack Foods,107.5254,OUT045,2002,,Tier 2,Supermarket Type1,325.5762
6954,FDF14,7.55,Low Fat,0.027224917,Canned,152.934,OUT045,2002,,Tier 2,Supermarket Type1,2450.144
6959,DRM49,6.11,Regular,0.152262171,Soft Drinks,44.4086,OUT045,2002,,Tier 2,Supermarket Type1,1159.8236
6989,NCP55,14.65,Low Fat,0.011212719,Others,55.6614,OUT045,2002,,Tier 2,Supermarket Type1,1049.9666
6999,DRJ01,6.135,Low Fat,0.115265695,Soft Drinks,160.5236,OUT045,2002,,Tier 2,Supermarket Type1,2094.6068
7004,FDW12,8.315,Regular,0.035644325,Baking Goods,147.1444,OUT045,2002,,Tier 2,Supermarket Type1,870.8664
7015,FDQ21,21.25,Low Fat,0.019462623000000002,Snack Foods,120.8756,OUT045,2002,,Tier 2,Supermarket Type1,1575.2828
7042,NCX17,21.25,Low Fat,0.113833823,Health and Hygiene,232.83,OUT045,2002,,Tier 2,Supermarket Type1,1398.18
7048,NCJ17,7.68,Low Fat,0.152865879,Health and Hygiene,84.9224,OUT045,2002,,Tier 2,Supermarket Type1,1619.2256
7050,DRF13,12.1,Low Fat,0.02984176,Soft Drinks,144.4444,OUT045,2002,,Tier 2,Supermarket Type1,3628.61
7056,FDP08,20.5,Regular,0.112638016,Fruits and Vegetables,195.5478,OUT045,2002,,Tier 2,Supermarket Type1,3874.9559999999997
7065,FDS27,10.195,Regular,0.012483408,Meat,195.41099999999997,OUT045,2002,,Tier 2,Supermarket Type1,2749.7540000000004
7068,NCZ30,6.59,Low Fat,0.026238087,Household,121.6098,OUT045,2002,,Tier 2,Supermarket Type1,2410.196
7075,FDF21,10.3,Regular,0.0,Fruits and Vegetables,189.053,OUT045,2002,,Tier 2,Supermarket Type1,5313.084
7132,NCT17,10.8,Low Fat,0.041950753,Health and Hygiene,190.0214,OUT045,2002,,Tier 2,Supermarket Type1,2449.4782
7136,NCV18,6.775,Low Fat,0.10545930699999999,Household,84.625,OUT045,2002,,Tier 2,Supermarket Type1,2496.75
7137,FDZ04,9.31,Low Fat,0.038032067999999995,Frozen Foods,61.351000000000006,OUT045,2002,,Tier 2,Supermarket Type1,822.263
7156,FDV02,16.75,Low Fat,0.060668415999999996,Dairy,172.4106,OUT045,2002,,Tier 2,Supermarket Type1,2908.8802
7167,FDO16,5.48,Low Fat,0.015138833999999999,Frozen Foods,81.925,OUT045,2002,,Tier 2,Supermarket Type1,3079.325
7178,DRJ23,18.35,Low Fat,0.041753387,Hard Drinks,187.6872,OUT045,2002,,Tier 2,Supermarket Type1,2836.308
7179,FDS14,7.285,Low Fat,0.050065211,Dairy,157.4288,OUT045,2002,,Tier 2,Supermarket Type1,2042.6744
7184,FDS19,13.8,Regular,0.0,Fruits and Vegetables,74.3012,OUT045,2002,,Tier 2,Supermarket Type1,1669.8264
7187,FDJ12,8.895,Regular,0.039120291,Baking Goods,206.8296,OUT045,2002,,Tier 2,Supermarket Type1,4154.592000000001
7189,DRL37,15.5,Low Fat,0.053480419,Soft Drinks,42.376999999999995,OUT045,2002,,Tier 2,Supermarket Type1,1211.756
7190,FDJ36,14.5,Regular,0.128520186,Baking Goods,101.4332,OUT045,2002,,Tier 2,Supermarket Type1,1948.1308
7195,FDX43,5.655,Low Fat,0.085447928,Fruits and Vegetables,165.85,OUT045,2002,,Tier 2,Supermarket Type1,1830.95
7198,NCM26,20.5,Low Fat,0.023190133999999998,Others,153.434,OUT045,2002,,Tier 2,Supermarket Type1,3981.4840000000004
7202,FDG32,19.85,Low Fat,0.17635245,Fruits and Vegetables,220.8772,OUT045,2002,,Tier 2,Supermarket Type1,4225.1668
7209,FDD02,16.6,Low Fat,0.050392993,Canned,118.4124,OUT045,2002,,Tier 2,Supermarket Type1,3199.8348
7210,FDW48,18.0,Low Fat,0.008558144,Baking Goods,79.0618,OUT045,2002,,Tier 2,Supermarket Type1,1208.427
7251,NCN55,14.6,Low Fat,0.059611153,Others,238.3538,OUT045,2002,,Tier 2,Supermarket Type1,2163.1842
7256,DRJ39,20.25,Low Fat,0.036399733999999996,Dairy,219.3482,OUT045,2002,,Tier 2,Supermarket Type1,8323.8316
7258,NCQ54,17.7,Low Fat,0.012567811000000002,Household,168.4474,OUT045,2002,,Tier 2,Supermarket Type1,2358.2636
7267,FDG16,15.25,Low Fat,0.089998959,Frozen Foods,215.1192,OUT045,2002,,Tier 2,Supermarket Type1,2157.192
7276,FDN46,7.21,Regular,0.144924795,Snack Foods,100.8332,OUT045,2002,,Tier 2,Supermarket Type1,1537.9979999999998
7284,FDN51,17.85,Regular,0.020989307999999998,Meat,260.7936,OUT045,2002,,Tier 2,Supermarket Type1,4697.8848
7306,DRF51,15.75,Low Fat,0.166174549,Dairy,37.4506,OUT045,2002,,Tier 2,Supermarket Type1,1062.6168
7308,FDW04,8.985,reg,0.057944376,Frozen Foods,131.531,OUT045,2002,,Tier 2,Supermarket Type1,1428.141
7322,FDX20,7.365,Low Fat,0.042646566,Fruits and Vegetables,225.172,OUT045,2002,,Tier 2,Supermarket Type1,452.744
7325,FDX45,16.75,Low Fat,0.105068444,Snack Foods,156.66299999999998,OUT045,2002,,Tier 2,Supermarket Type1,2816.3340000000003
7334,NCB55,15.7,Low Fat,0.16098885,Household,57.8562,OUT045,2002,,Tier 2,Supermarket Type1,651.8182
7337,NCI29,8.6,Low Fat,0.032687702,Health and Hygiene,140.9154,OUT045,2002,,Tier 2,Supermarket Type1,1134.5232
7339,NCQ06,13.0,Low Fat,0.041909345,Household,255.0014,OUT045,2002,,Tier 2,Supermarket Type1,5865.0322
7360,FDI50,8.42,Regular,0.030905215,Canned,227.6352,OUT045,2002,,Tier 2,Supermarket Type1,2748.4224
7371,FDC45,17.0,Low Fat,0.136008489,Fruits and Vegetables,171.7106,OUT045,2002,,Tier 2,Supermarket Type1,1711.106
7385,FDI24,10.3,Low Fat,0.078903499,Baking Goods,177.637,OUT045,2002,,Tier 2,Supermarket Type1,4234.488
7399,FDK16,9.065,Low Fat,0.115563679,Frozen Foods,96.0094,OUT045,2002,,Tier 2,Supermarket Type1,1713.7692
7406,FDU31,10.5,Regular,0.025041737999999997,Fruits and Vegetables,218.7508,OUT045,2002,,Tier 2,Supermarket Type1,3255.762
7409,FDY19,19.75,Low Fat,0.041448824,Fruits and Vegetables,116.5466,OUT045,2002,,Tier 2,Supermarket Type1,2828.3184
7417,FDE09,8.775,Low Fat,0.021647195,Fruits and Vegetables,109.5228,OUT045,2002,,Tier 2,Supermarket Type1,994.7052
7420,FDU19,8.77,Regular,0.046866331,Fruits and Vegetables,170.5422,OUT045,2002,,Tier 2,Supermarket Type1,1551.9798
7426,FDI21,5.59,Regular,0.05671761,Snack Foods,62.9168,OUT045,2002,,Tier 2,Supermarket Type1,1406.1696
7440,FDH27,7.075,Low Fat,0.058465268,Dairy,145.3128,OUT045,2002,,Tier 2,Supermarket Type1,1869.5664
7472,NCF43,8.51,Low Fat,0.052051256,Household,142.247,OUT045,2002,,Tier 2,Supermarket Type1,2004.058
7475,NCC42,15.0,Low Fat,0.04499948,Health and Hygiene,140.4838,OUT045,2002,,Tier 2,Supermarket Type1,1685.8056
7486,FDM57,11.65,Regular,0.07600299099999999,Snack Foods,83.4908,OUT045,2002,,Tier 2,Supermarket Type1,503.3448
7489,DRE03,19.6,Low Fat,0.024276035,Dairy,45.3718,OUT045,2002,,Tier 2,Supermarket Type1,614.5334
7491,FDW60,5.44,Regular,0.017096552,Baking Goods,178.137,OUT045,2002,,Tier 2,Supermarket Type1,3175.866
7520,DRK01,7.63,Low Fat,0.061188147000000005,Soft Drinks,94.0436,OUT045,2002,,Tier 2,Supermarket Type1,1134.5232
7547,NCO05,7.27,Low Fat,0.046653872,Health and Hygiene,98.6384,OUT045,2002,,Tier 2,Supermarket Type1,1970.7679999999998
7563,FDY36,12.3,Low Fat,0.009429611999999999,Baking Goods,71.33800000000001,OUT045,2002,,Tier 2,Supermarket Type1,1098.57
7593,FDQ16,19.7,LF,0.041823046,Frozen Foods,108.0912,OUT045,2002,,Tier 2,Supermarket Type1,1965.4416
7606,FDQ24,15.7,Low Fat,0.073816097,Baking Goods,253.4724,OUT045,2002,,Tier 2,Supermarket Type1,2013.3792
7614,FDG38,8.975,Regular,0.052836075999999996,Canned,86.6224,OUT045,2002,,Tier 2,Supermarket Type1,1619.2256
7636,FDU15,13.65,Regular,0.0,Meat,37.9532,OUT045,2002,,Tier 2,Supermarket Type1,575.2512
7648,FDY50,5.8,Low Fat,0.13122139300000002,Dairy,87.8172,OUT045,2002,,Tier 2,Supermarket Type1,1070.6064
7650,NCE30,16.0,Low Fat,0.0,Household,210.4902,OUT045,2002,,Tier 2,Supermarket Type1,3610.6334
7652,FDS09,8.895,Regular,0.08125293,Snack Foods,49.8008,OUT045,2002,,Tier 2,Supermarket Type1,1062.6168
7667,FDW02,4.805,Regular,0.0,Dairy,123.9704,OUT045,2002,,Tier 2,Supermarket Type1,2253.0672
7672,FDN10,11.5,Low Fat,0.046217345,Snack Foods,120.3124,OUT045,2002,,Tier 2,Supermarket Type1,474.0496
7701,FDK46,9.6,Low Fat,0.051571772,Snack Foods,258.462,OUT045,2002,,Tier 2,Supermarket Type1,4673.916
7723,FDN32,17.5,Low Fat,0.015591925,Fruits and Vegetables,184.8266,OUT045,2002,,Tier 2,Supermarket Type1,2766.3990000000003
7724,FDZ23,17.75,Regular,0.067639698,Baking Goods,187.62400000000002,OUT045,2002,,Tier 2,Supermarket Type1,1491.392
7727,FDG04,13.1,Low Fat,0.0060750069999999995,Frozen Foods,187.5898,OUT045,2002,,Tier 2,Supermarket Type1,2432.1674
7728,FDR04,7.075,Low Fat,0.022612742,Frozen Foods,97.0068,OUT045,2002,,Tier 2,Supermarket Type1,1944.136
7745,FDD47,7.6,reg,0.14269958800000002,Starchy Foods,171.7448,OUT045,2002,,Tier 2,Supermarket Type1,4431.5648
7757,NCF54,18.0,Low Fat,0.047473135,Household,170.5422,OUT045,2002,,Tier 2,Supermarket Type1,3103.9596
7762,FDT22,10.395,Low Fat,0.112324552,Snack Foods,60.622,OUT045,2002,,Tier 2,Supermarket Type1,778.9860000000001
7764,FDG56,13.3,Regular,0.071597469,Fruits and Vegetables,60.8536,OUT045,2002,,Tier 2,Supermarket Type1,918.804
7766,FDS34,19.35,Regular,0.076914745,Snack Foods,114.8518,OUT045,2002,,Tier 2,Supermarket Type1,1707.777
7770,NCR17,9.8,Low Fat,0.024432767,Health and Hygiene,116.4492,OUT045,2002,,Tier 2,Supermarket Type1,2780.3808
7786,FDE44,14.65,Low Fat,0.0,Fruits and Vegetables,49.7692,OUT045,2002,,Tier 2,Supermarket Type1,837.5764
7789,FDR36,6.715,Regular,0.12183295599999999,Baking Goods,43.5454,OUT045,2002,,Tier 2,Supermarket Type1,838.908
7798,FDX03,15.85,Regular,0.06121988,Meat,45.6744,OUT045,2002,,Tier 2,Supermarket Type1,633.8416
7802,FDO57,20.75,Low Fat,0.108930629,Snack Foods,160.9578,OUT045,2002,,Tier 2,Supermarket Type1,1444.1202
7811,DRB24,8.785,Low Fat,0.020618957,Soft Drinks,153.0656,OUT045,2002,,Tier 2,Supermarket Type1,4170.5712
7814,FDB36,5.465,Regular,0.048625599000000005,Baking Goods,129.2626,OUT045,2002,,Tier 2,Supermarket Type1,1311.626
7827,FDW35,10.6,Low Fat,0.011111713999999998,Breads,43.8454,OUT045,2002,,Tier 2,Supermarket Type1,671.1264
7843,FDY02,8.945,Regular,0.087823675,Dairy,261.091,OUT045,2002,,Tier 2,Supermarket Type1,3418.883
7847,NCU42,9.0,Low Fat,0.019546214,Household,168.1474,OUT045,2002,,Tier 2,Supermarket Type1,4211.185
7848,NCG30,20.2,Low Fat,0.112549008,Household,123.1046,OUT045,2002,,Tier 2,Supermarket Type1,1120.5414
7857,NCW05,20.25,Low Fat,0.148372897,Health and Hygiene,108.8938,OUT045,2002,,Tier 2,Supermarket Type1,3644.5892
7860,FDP03,5.15,Regular,0.061301149000000006,Meat,122.1388,OUT045,2002,,Tier 2,Supermarket Type1,2352.9372
7865,FDY34,10.5,Regular,0.01100413,Snack Foods,167.1842,OUT045,2002,,Tier 2,Supermarket Type1,2984.1156
7874,DRE49,20.75,Low Fat,0.021293097,Soft Drinks,151.9024,OUT045,2002,,Tier 2,Supermarket Type1,2732.4432
7903,FDU35,6.44,low fat,0.0,Breads,99.87,OUT045,2002,,Tier 2,Supermarket Type1,1498.05
7904,FDR35,12.5,Low Fat,0.020739698,Breads,198.9742,OUT045,2002,,Tier 2,Supermarket Type1,995.3710000000001
7907,FDD17,7.5,Low Fat,0.03269312,Frozen Foods,238.7906,OUT045,2002,,Tier 2,Supermarket Type1,4040.7402
7915,FDB34,15.25,Low Fat,0.026663778,Snack Foods,87.0198,OUT045,2002,,Tier 2,Supermarket Type1,2442.1544
7933,DRD01,12.1,Regular,0.061299600999999995,Soft Drinks,56.2614,OUT045,2002,,Tier 2,Supermarket Type1,552.614
7935,FDS22,16.85,Regular,0.023201357000000002,Snack Foods,45.9428,OUT045,2002,,Tier 2,Supermarket Type1,307.5996
7957,DRP35,18.85,Low Fat,0.09105157900000001,Hard Drinks,127.4336,OUT045,2002,,Tier 2,Supermarket Type1,894.8352
7968,FDF56,16.7,Regular,0.119704498,Fruits and Vegetables,181.9976,OUT045,2002,,Tier 2,Supermarket Type1,5432.928000000001
7975,FDU16,19.25,Regular,0.0,Frozen Foods,82.5908,OUT045,2002,,Tier 2,Supermarket Type1,922.7988
7976,FDX35,5.035,Regular,0.08007260299999999,Breads,228.2036,OUT045,2002,,Tier 2,Supermarket Type1,2504.7396
7984,DRE12,4.59,Low Fat,0.0,Soft Drinks,111.186,OUT045,2002,,Tier 2,Supermarket Type1,1245.046
7990,DRK12,9.5,Low Fat,0.041971264,Soft Drinks,33.39,OUT045,2002,,Tier 2,Supermarket Type1,732.38
7993,FDB23,19.2,Regular,0.0,Starchy Foods,223.8062,OUT045,2002,,Tier 2,Supermarket Type1,5642.655
7997,FDO32,6.36,Low Fat,0.120788077,Fruits and Vegetables,45.706,OUT045,2002,,Tier 2,Supermarket Type1,838.908
8000,FDS55,7.02,Low Fat,0.081328781,Fruits and Vegetables,150.0734,OUT045,2002,,Tier 2,Supermarket Type1,4454.202
8003,FDJ22,18.75,Low Fat,0.052917345,Snack Foods,190.6504,OUT045,2002,,Tier 2,Supermarket Type1,1342.2528
8029,FDK21,7.905,Low Fat,0.010032624,Snack Foods,248.3408,OUT045,2002,,Tier 2,Supermarket Type1,751.0224
8035,FDR19,13.5,Regular,0.16004458900000001,Fruits and Vegetables,145.4102,OUT045,2002,,Tier 2,Supermarket Type1,3499.4448
8039,FDY55,16.75,Low Fat,0.08148512599999999,Fruits and Vegetables,258.0988,OUT045,2002,,Tier 2,Supermarket Type1,8994.958
8064,FDG45,8.1,Low Fat,0.12829573,Fruits and Vegetables,210.4902,OUT045,2002,,Tier 2,Supermarket Type1,5309.755
8078,FDM08,10.1,Regular,0.053692878,Fruits and Vegetables,222.9088,OUT045,2002,,Tier 2,Supermarket Type1,5145.3024
8082,FDQ58,7.315,Low Fat,0.015332871999999999,Snack Foods,154.034,OUT045,2002,,Tier 2,Supermarket Type1,612.536
8108,FDH48,13.5,Low Fat,0.060603014000000004,Baking Goods,85.554,OUT045,2002,,Tier 2,Supermarket Type1,1731.08
8117,FDL08,10.8,Low Fat,0.049819857,Fruits and Vegetables,243.2144,OUT045,2002,,Tier 2,Supermarket Type1,1225.072
8138,FDV01,19.2,Regular,0.085122855,Canned,155.4314,OUT045,2002,,Tier 2,Supermarket Type1,3568.0222
8143,FDR44,6.11,reg,0.103129612,Fruits and Vegetables,129.5968,OUT045,2002,,Tier 2,Supermarket Type1,2348.9424
8153,FDQ39,14.8,Low Fat,0.08120649099999999,Meat,189.2846,OUT045,2002,,Tier 2,Supermarket Type1,1719.7614
8156,DRN36,15.2,Low Fat,0.050279604000000006,Soft Drinks,94.1752,OUT045,2002,,Tier 2,Supermarket Type1,2109.2544
8166,FDJ09,15.0,Low Fat,0.058513255,Snack Foods,46.9744,OUT045,2002,,Tier 2,Supermarket Type1,679.1160000000001
8173,FDL10,8.395,Low Fat,0.039572298,Snack Foods,100.9042,OUT045,2002,,Tier 2,Supermarket Type1,1686.4714
8180,NCR05,10.1,Low Fat,0.054741627,Health and Hygiene,200.2084,OUT045,2002,,Tier 2,Supermarket Type1,3174.5344
8189,FDC16,11.5,Regular,0.020611526,Dairy,84.954,OUT045,2002,,Tier 2,Supermarket Type1,865.54
8192,FDR22,19.35,Regular,0.018600249,Snack Foods,110.2544,OUT045,2002,,Tier 2,Supermarket Type1,2908.2144
8196,FDV37,13.0,Regular,0.083683243,Canned,198.5426,OUT045,2002,,Tier 2,Supermarket Type1,1186.4556
8207,FDK32,16.25,Regular,0.049074897,Fruits and Vegetables,154.2682,OUT045,2002,,Tier 2,Supermarket Type1,3354.3004
8212,NCK18,9.6,Low Fat,0.0,Household,164.2184,OUT045,2002,,Tier 2,Supermarket Type1,1981.4208
8218,FDH44,19.1,Regular,0.025924622999999997,Fruits and Vegetables,148.0418,OUT045,2002,,Tier 2,Supermarket Type1,3825.6868
8219,NCK06,5.03,Low Fat,0.008664064,Household,119.3756,OUT045,2002,,Tier 2,Supermarket Type1,605.878
8224,FDX13,7.725,Low Fat,0.047879864,Canned,250.2092,OUT045,2002,,Tier 2,Supermarket Type1,3984.1472
8248,FDP12,9.8,Regular,0.045358609,Baking Goods,36.1874,OUT045,2002,,Tier 2,Supermarket Type1,423.4488
8283,FDF08,14.3,Regular,0.065339802,Fruits and Vegetables,89.1856,OUT045,2002,,Tier 2,Supermarket Type1,1845.5976
8287,FDH28,15.85,Regular,0.11025414300000001,Frozen Foods,37.3506,OUT045,2002,,Tier 2,Supermarket Type1,341.5554
8304,FDZ55,6.055,Low Fat,0.025460232000000003,Fruits and Vegetables,160.892,OUT045,2002,,Tier 2,Supermarket Type1,1917.504
8307,NCV30,20.2,Low Fat,0.06606579900000001,Household,61.351000000000006,OUT045,2002,,Tier 2,Supermarket Type1,1201.769
8317,FDN13,18.6,Low Fat,0.15236665900000002,Breakfast,98.5358,OUT045,2002,,Tier 2,Supermarket Type1,1306.9654
8324,FDF33,7.97,Low Fat,0.021579162000000002,Seafood,105.9596,OUT045,2002,,Tier 2,Supermarket Type1,2049.3324
8368,NCM19,12.65,Low Fat,0.047333044000000005,Others,113.8202,OUT045,2002,,Tier 2,Supermarket Type1,1800.3232
8369,NCF42,17.35,Low Fat,0.16772251900000001,Household,176.3712,OUT045,2002,,Tier 2,Supermarket Type1,1054.6272
8380,FDI19,15.1,low fat,0.0,Meat,244.2512,OUT045,2002,,Tier 2,Supermarket Type1,3635.268
8393,FDT20,10.5,Low Fat,0.041479396,Fruits and Vegetables,36.8164,OUT045,2002,,Tier 2,Supermarket Type1,772.328
8395,FDG21,17.35,Regular,0.0,Seafood,150.205,OUT045,2002,,Tier 2,Supermarket Type1,5992.2
8396,DRZ11,8.85,Regular,0.112893431,Soft Drinks,123.3388,OUT045,2002,,Tier 2,Supermarket Type1,2972.1312
8398,NCD43,8.85,Low Fat,0.016052446,Household,106.7964,OUT045,2002,,Tier 2,Supermarket Type1,1367.5532
8412,FDZ49,11.0,Regular,0.13341564,Canned,218.7798,OUT045,2002,,Tier 2,Supermarket Type1,2203.798
8415,FDR46,16.85,Low Fat,0.139700397,Snack Foods,147.776,OUT045,2002,,Tier 2,Supermarket Type1,2490.092
8417,NCU05,11.8,Low Fat,0.058855357000000004,Health and Hygiene,79.1618,OUT045,2002,,Tier 2,Supermarket Type1,2336.2922
8431,FDA44,19.7,Low Fat,0.053330653,Fruits and Vegetables,56.793,OUT045,2002,,Tier 2,Supermarket Type1,848.895
8446,FDT04,17.25,Low Fat,0.10725882199999999,Frozen Foods,40.1822,OUT045,2002,,Tier 2,Supermarket Type1,510.6686
8453,FDB46,10.5,Regular,0.093954022,Snack Foods,211.8244,OUT045,2002,,Tier 2,Supermarket Type1,3387.5904
8456,NCQ30,7.725,Low Fat,0.029131242,Household,123.8414,OUT045,2002,,Tier 2,Supermarket Type1,487.3656
8464,FDO56,10.195,Regular,0.045073782,Fruits and Vegetables,119.1808,OUT045,2002,,Tier 2,Supermarket Type1,468.7232
8465,FDX11,16.0,Regular,0.106968577,Baking Goods,180.5634,OUT045,2002,,Tier 2,Supermarket Type1,2726.4509999999996
8468,FDB20,7.72,Low Fat,0.052086085,Fruits and Vegetables,76.8986,OUT045,2002,,Tier 2,Supermarket Type1,467.3916
8474,NCJ42,19.75,Low Fat,0.01433033,Household,104.2332,OUT045,2002,,Tier 2,Supermarket Type1,2153.1972
8476,NCO41,12.5,Low Fat,0.018887088,Health and Hygiene,98.8384,OUT045,2002,,Tier 2,Supermarket Type1,1280.9992
8481,FDT56,16.0,Regular,0.115826834,Fruits and Vegetables,56.0246,OUT045,2002,,Tier 2,Supermarket Type1,695.0952
8483,DRI11,8.26,Low Fat,0.03447406,Hard Drinks,117.0834,OUT045,2002,,Tier 2,Supermarket Type1,1612.5676
8502,NCH43,8.42,Low Fat,0.070712031,Household,216.4192,OUT045,2002,,Tier 2,Supermarket Type1,3020.0688
8508,FDW31,11.35,Regular,0.04324563,Fruits and Vegetables,199.4742,OUT045,2002,,Tier 2,Supermarket Type1,2587.9646
8514,FDA01,15.0,Regular,0.054488534000000005,Canned,57.5904,OUT045,2002,,Tier 2,Supermarket Type1,468.7232
8519,FDS36,8.38,Regular,0.046982429000000006,Baking Goods,108.15700000000001,OUT045,2002,,Tier 2,Supermarket Type1,549.285
